Use campeonato_volley;
/*Primero se crea el campeonato*/
INSERT INTO campeonato_volley.campeonato(idCampeonato,Nombre,Representante,Anio) VALUES (1, 'campeonato intercolegio de voleiball priemra edicion', 'ing. Pedro Isidro',2018);

/*Se crean las personas*/
INSERT INTO Persona(idPersona,Nombres,Apellidos,Cedula,Edad,Genero) VALUES (1,'Marco Agusto','Caicedo Burneo ','1105021495',11,'MASCULINO');
INSERT INTO Persona(idPersona,Nombres,Apellidos,Cedula,Edad,Genero) VALUES (2,'PABLO MARCELO','ABAD NIETO','1303753618',12,'MASCULINO');
INSERT INTO Persona(idPersona,Nombres,Apellidos,Cedula,Edad,Genero) VALUES (3,'BELLA NARCISA DEL PILAR','ABATA REINOSO','1706172648',11,'FEMENINO');
INSERT INTO Persona(idPersona,Nombres,Apellidos,Cedula,Edad,Genero) VALUES (4,'CARLOS ENRIQUE','ABRIL ABRIL','100967652',13,'MASCULINO');
INSERT INTO Persona(idPersona,Nombres,Apellidos,Cedula,Edad,Genero) VALUES (5,'NARCISA DEL LOURDES','ACARO CASTILLO','1103037048',12,'FEMENINO');
INSERT INTO Persona(idPersona,Nombres,Apellidos,Cedula,Edad,Genero) VALUES (6,'SONIA CECILIA','ACEVEDO PALACIO','1704997012',13,'FEMENINO');
INSERT INTO Persona(idPersona,Nombres,Apellidos,Cedula,Edad,Genero) VALUES (7,'DAVID JOSÉ','ACOSTA VÁSQUEZ','1714818299',13,'MASCULINO');
INSERT INTO Persona(idPersona,Nombres,Apellidos,Cedula,Edad,Genero) VALUES (8,'SANTIAGO MARTÍN','ACURIO DEL PINO','1713627071',12,'MASCULINO');
INSERT INTO Persona(idPersona,Nombres,Apellidos,Cedula,Edad,Genero) VALUES (9,'GLADYS EUGENIA','AGUAGUINA MOYÓN','200982163',13,'FEMENINO');
INSERT INTO Persona(idPersona,Nombres,Apellidos,Cedula,Edad,Genero) VALUES (10,'JULIO ALEJANDRO','AGUAYO URGILES','913537742',11,'MASCULINO');
INSERT INTO Persona(idPersona,Nombres,Apellidos,Cedula,Edad,Genero) VALUES (11,'ADRIANA PAOLA','CUJAR ALARCON','5271069519',12,'FEMENINO');
INSERT INTO Persona(idPersona,Nombres,Apellidos,Cedula,Edad,Genero) VALUES (12,'ADRIANA GIRALDO','GOMEZ','5173898428',11,'FEMENINO');
INSERT INTO Persona(idPersona,Nombres,Apellidos,Cedula,Edad,Genero) VALUES (13,'ADRIANA MARCELA','SALCEDO SEGURA','5235529037',12,'FEMENINO');
INSERT INTO Persona(idPersona,Nombres,Apellidos,Cedula,Edad,Genero) VALUES (14,'ALEXANDER','DUARTE','7996229146',11,'MASCULINO');
INSERT INTO Persona(idPersona,Nombres,Apellidos,Cedula,Edad,Genero) VALUES (15,'ALCIRA','SANTANILLA CARVAJAL','4154727355',12,'FEMENINO');
INSERT INTO Persona(idPersona,Nombres,Apellidos,Cedula,Edad,Genero) VALUES (16,'Jeronimo','Burgos','5189907764',13,'MASCULINO');
INSERT INTO Persona(idPersona,Nombres,Apellidos,Cedula,Edad,Genero) VALUES (17,'Estefania','Villegas','3956817573',13,'FEMENINO');
INSERT INTO Persona(idPersona,Nombres,Apellidos,Cedula,Edad,Genero) VALUES (18,'Guillermo','Fernandez','5275567282',12,'MASCULINO');
INSERT INTO Persona(idPersona,Nombres,Apellidos,Cedula,Edad,Genero) VALUES (19,'Eliana','Ramirez','5281719691',11,'FEMENINO');
INSERT INTO Persona(idPersona,Nombres,Apellidos,Cedula,Edad,Genero) VALUES (20,'Jose','Carmona','5296022700',16,'MASCULINO');
INSERT INTO Persona(idPersona,Nombres,Apellidos,Cedula,Edad,Genero) VALUES (21,'Marcela','De santis','5232918719',13,'FEMENINO');
INSERT INTO Persona(idPersona,Nombres,Apellidos,Cedula,Edad,Genero) VALUES (22,'Daniela','Franco','52494428',12,'FEMENINO');
INSERT INTO Persona(idPersona,Nombres,Apellidos,Cedula,Edad,Genero) VALUES (23,'Rafael','Cortes','5270587537',15,'MASCULINO');
INSERT INTO Persona(idPersona,Nombres,Apellidos,Cedula,Edad,Genero) VALUES (24,'Camilo','Berrio','5298745346',16,'MASCULINO');
INSERT INTO Persona(idPersona,Nombres,Apellidos,Cedula,Edad,Genero) VALUES (25,'Francisco','Arias','5288040655',14,'MASCULINO');
INSERT INTO Persona(idPersona,Nombres,Apellidos,Cedula,Edad,Genero) VALUES (26,'Antonio','Merizalde','3955980164',14,'MASCULINO');
INSERT INTO Persona(idPersona,Nombres,Apellidos,Cedula,Edad,Genero) VALUES (27,'Karen','Restrepo','5245380173',14,'FEMENINO');
INSERT INTO Persona(idPersona,Nombres,Apellidos,Cedula,Edad,Genero) VALUES (28,'David','Lemus','1944252782',14,'MASCULINO');
INSERT INTO Persona(idPersona,Nombres,Apellidos,Cedula,Edad,Genero) VALUES (29,'Javier','Santana','5219829691',15,'MASCULINO');
INSERT INTO Persona(idPersona,Nombres,Apellidos,Cedula,Edad,Genero) VALUES (30,'Virginia','Saldarriaga','5280775300',15,'FEMENINO');
INSERT INTO Persona(idPersona,Nombres,Apellidos,Cedula,Edad,Genero) VALUES (31,'Sergio','Posada','5165089519',16,'MASCULINO');
INSERT INTO Persona(idPersona,Nombres,Apellidos,Cedula,Edad,Genero) VALUES (32,'Jorge','Zea ','8023596028',16,'MASCULINO');
INSERT INTO Persona(idPersona,Nombres,Apellidos,Cedula,Edad,Genero) VALUES (33,'Mariana','Diaz ','3039668937',16,'FEMENINO');
INSERT INTO Persona(idPersona,Nombres,Apellidos,Cedula,Edad,Genero) VALUES (34,'Esteban','Giraldo','7999834246',15,'MASCULINO');
INSERT INTO Persona(idPersona,Nombres,Apellidos,Cedula,Edad,Genero) VALUES (35,'Jorge','Idarraga','5226595655',14,'MASCULINO');
INSERT INTO Persona(idPersona,Nombres,Apellidos,Cedula,Edad,Genero) VALUES (36,'Alejandro','Simanca','5242822064',14,'MASCULINO');
INSERT INTO Persona(idPersona,Nombres,Apellidos,Cedula,Edad,Genero) VALUES (37,'Angelina','Pulgarin','5296249173',14,'FEMENINO');
INSERT INTO Persona(idPersona,Nombres,Apellidos,Cedula,Edad,Genero) VALUES (38,'Brenda','Aguirre','5251745082',15,'FEMENINO');
INSERT INTO Persona(idPersona,Nombres,Apellidos,Cedula,Edad,Genero) VALUES (39,'Gloria','Tamayo','5242709391',16,'FEMENINO');
INSERT INTO Persona(idPersona,Nombres,Apellidos,Cedula,Edad,Genero) VALUES (40,'Andrea','Carmona ','3962511000',14,'FEMENINO');
INSERT INTO Persona(idPersona,Nombres,Apellidos,Cedula,Edad,Genero) VALUES (41,'Lucero','Diaz ','5196363419',15,'FEMENINO');
INSERT INTO Persona(idPersona,Nombres,Apellidos,Cedula,Edad,Genero) VALUES (42,'Angela','Alzate','5232957528',16,'FEMENINO');
INSERT INTO Persona(idPersona,Nombres,Apellidos,Cedula,Edad,Genero) VALUES (43,'Felipe','Arango','5155392337',17,'MASCULINO');
INSERT INTO Persona(idPersona,Nombres,Apellidos,Cedula,Edad,Genero) VALUES (44,'Elena','Garces','5283543646',14,'FEMENINO');
INSERT INTO Persona(idPersona,Nombres,Apellidos,Cedula,Edad,Genero) VALUES (45,'Carmen','Uribe','3535399355',15,'FEMENINO');
INSERT INTO Persona(idPersona,Nombres,Apellidos,Cedula,Edad,Genero) VALUES (46,'Daniel','Ospina','5214603864',18,'MASCULINO');
INSERT INTO Persona(idPersona,Nombres,Apellidos,Cedula,Edad,Genero) VALUES (47,'Alberto','Peláez','3040297673',18,'MASCULINO');
INSERT INTO Persona(idPersona,Nombres,Apellidos,Cedula,Edad,Genero) VALUES (48,'Elena','Perez','5277178182',15,'FEMENINO');
INSERT INTO Persona(idPersona,Nombres,Apellidos,Cedula,Edad,Genero) VALUES (49,'Sebastian','Carmona','5225246491',18,'MASCULINO');
INSERT INTO Persona(idPersona,Nombres,Apellidos,Cedula,Edad,Genero) VALUES (50,'Oscar','Cifuentes','7980091400',19,'MASCULINO');
INSERT INTO Persona(idPersona,Nombres,Apellidos,Cedula,Edad,Genero) VALUES (51,'Santiago','Jaramillo','2868543419',17,'MASCULINO');
INSERT INTO Persona(idPersona,Nombres,Apellidos,Cedula,Edad,Genero) VALUES (52,'Luis','Melano','395482128',17,'MASCULINO');
INSERT INTO Persona(idPersona,Nombres,Apellidos,Cedula,Edad,Genero) VALUES (53,'Tammy','Mendez','6026364937',19,'FEMENINO');
INSERT INTO Persona(idPersona,Nombres,Apellidos,Cedula,Edad,Genero) VALUES (54,'Tomas','Ramirez','7870353346',18,'MASCULINO');
INSERT INTO Persona(idPersona,Nombres,Apellidos,Cedula,Edad,Genero) VALUES (55,'Felipe','Girando','5202154155',18,'MASCULINO');
INSERT INTO Persona(idPersona,Nombres,Apellidos,Cedula,Edad,Genero) VALUES (56,'Patricia','Diez','5247712464',17,'FEMENINO');
INSERT INTO Persona(idPersona,Nombres,Apellidos,Cedula,Edad,Genero) VALUES (57,'Luisa','Sierra','5235741973',18,'FEMENINO');
INSERT INTO Persona(idPersona,Nombres,Apellidos,Cedula,Edad,Genero) VALUES (58,'Sara','Vallejo','8052588682',18,'FEMENINO');
INSERT INTO Persona(idPersona,Nombres,Apellidos,Cedula,Edad,Genero) VALUES (59,'Alexandra','Guerrero','525562891',19,'FEMENINO');
INSERT INTO Persona(idPersona,Nombres,Apellidos,Cedula,Edad,Genero) VALUES (60,'Lisa','Guerra','398313600',17,'FEMENINO');
INSERT INTO Persona(idPersona,Nombres,Apellidos,Cedula,Edad,Genero) VALUES (61,'Ana Maria','Rodríguez ','5298282819',17,'FEMENINO');
INSERT INTO Persona(idPersona,Nombres,Apellidos,Cedula,Edad,Genero) VALUES (62,'Sofia','Marulanda','4077757728',17,'FEMENINO');
INSERT INTO Persona(idPersona,Nombres,Apellidos,Cedula,Edad,Genero) VALUES (63,'Paula','Palacio','2889297137',18,'FEMENINO');
INSERT INTO Persona(idPersona,Nombres,Apellidos,Cedula,Edad,Genero) VALUES (64,'Jesus','Bermudez','4178121646',18,'MASCULINO');
INSERT INTO Persona(idPersona,Nombres,Apellidos,Cedula,Edad,Genero) VALUES (65,'Roberta','Toledo','5156280455',18,'FEMENINO');
INSERT INTO Persona(idPersona,Nombres,Apellidos,Cedula,Edad,Genero) VALUES (66,'Tatiana','Arango','4159871664',18,'FEMENINO');
INSERT INTO Persona(idPersona,Nombres,Apellidos,Cedula,Edad,Genero) VALUES (67,'Melina','Acevedo','3968724873',17,'FEMENINO');
INSERT INTO Persona(idPersona,Nombres,Apellidos,Cedula,Edad,Genero) VALUES (68,'Cristina','Cock','5253910882',25,'FEMENINO');
INSERT INTO Persona(idPersona,Nombres,Apellidos,Cedula,Edad,Genero) VALUES (69,'Manuela','Casadiegos','1939313691',25,'FEMENINO');
INSERT INTO Persona(idPersona,Nombres,Apellidos,Cedula,Edad,Genero) VALUES (70,'Isabel','Salamanca','1354179000',30,'FEMENINO');
INSERT INTO Persona(idPersona,Nombres,Apellidos,Cedula,Edad,Genero) VALUES (71,'Juan','Arango','7951449919',19,'MASCULINO');
INSERT INTO Persona(idPersona,Nombres,Apellidos,Cedula,Edad,Genero) VALUES (72,'Luisa','Granda','5250423528',31,'FEMENINO');
INSERT INTO Persona(idPersona,Nombres,Apellidos,Cedula,Edad,Genero) VALUES (73,'Monica','Arango ','5233482737',27,'FEMENINO');
INSERT INTO Persona(idPersona,Nombres,Apellidos,Cedula,Edad,Genero) VALUES (74,'Federico','Arroyave','4136511346',18,'MASCULINO');
INSERT INTO Persona(idPersona,Nombres,Apellidos,Cedula,Edad,Genero) VALUES (75,'Dalia','Lemos','1927324155',28,'FEMENINO');
INSERT INTO Persona(idPersona,Nombres,Apellidos,Cedula,Edad,Genero) VALUES (76,'Ana','Jaramillo','5232437464',0,'FEMENINO');
INSERT INTO Persona(idPersona,Nombres,Apellidos,Cedula,Edad,Genero) VALUES (77,'Maria','Lema','5193753073',0,'FEMENINO');
INSERT INTO Persona(idPersona,Nombres,Apellidos,Cedula,Edad,Genero) VALUES (78,'Diana','Caro','197978482',0,'FEMENINO');
INSERT INTO Persona(idPersona,Nombres,Apellidos,Cedula,Edad,Genero) VALUES (79,'Amalia','Vergara','5238698791',0,'FEMENINO');
INSERT INTO Persona(idPersona,Nombres,Apellidos,Cedula,Edad,Genero) VALUES (80,'Julian','Duque','1929643900',26,'MASCULINO');
INSERT INTO Persona(idPersona,Nombres,Apellidos,Cedula,Edad,Genero) VALUES (81,'Maritza','Muñoz','795566719',0,'FEMENINO');
INSERT INTO Persona(idPersona,Nombres,Apellidos,Cedula,Edad,Genero) VALUES (82,'Andrés','Peláez','795037628',28,'MASCULINO');
INSERT INTO Persona(idPersona,Nombres,Apellidos,Cedula,Edad,Genero) VALUES (83,'Miguel','Sanchez','1122334455',32,'MASCULINO');
INSERT INTO Persona(idPersona,Nombres,Apellidos,Cedula,Edad,Genero) VALUES (84,'Carolina','Cano','1231316719',0,'FEMENINO');
INSERT INTO Persona(idPersona,Nombres,Apellidos,Cedula,Edad,Genero) VALUES (85,'Jessica','Marquez','1134162319',0,'FEMENINO');
INSERT INTO Persona(idPersona,Nombres,Apellidos,Cedula,Edad,Genero) VALUES (86,'Samuel','Rico','1123456789',30,'MASCULINO');
INSERT INTO Persona(idPersona,Nombres,Apellidos,Cedula,Edad,Genero) VALUES (87,'Gustavo','Mendez','1143526789',31,'MASCULINO');
INSERT INTO Persona(idPersona,Nombres,Apellidos,Cedula,Edad,Genero) VALUES (88,'Pedro','Aguirre','1142356789',26,'MASCULINO');
INSERT INTO Persona(idPersona,Nombres,Apellidos,Cedula,Edad,Genero) VALUES (89,'Alex','Trelles','1154872435',13,'MASCULINO');
INSERT INTO Persona(idPersona,Nombres,Apellidos,Cedula,Edad,Genero) VALUES (90,'Adrian','puchaicela','1134251678',13,'MASCULINO');
INSERT INTO Persona(idPersona,Nombres,Apellidos,Cedula,Edad,Genero) VALUES (91,'Adriano','Rodríguez ','1165348792',11,'MASCULINO');

/*Se crean los arbitros*/
INSERT INTO arbitro(idArbitro,TipoArbitro,Confederacion,idPersona) VALUES (1,'lateral','Africana',80);
INSERT INTO arbitro(idArbitro,TipoArbitro,Confederacion,idPersona) VALUES (2,'central','Asia',82);
INSERT INTO arbitro(idArbitro,TipoArbitro,Confederacion,idPersona) VALUES (3,'central','Europea',83);
INSERT INTO arbitro(idArbitro,TipoArbitro,Confederacion,idPersona) VALUES (4,'lateral','Sudamericana',86);
INSERT INTO arbitro(idArbitro,TipoArbitro,Confederacion,idPersona) VALUES (5,'central','Sudamericana',87);
INSERT INTO arbitro(idArbitro,TipoArbitro,Confederacion,idPersona) VALUES (6,'lateral','America del norte',88);
INSERT INTO arbitro(idArbitro,TipoArbitro,Confederacion,idPersona) VALUES (7,'central','Sudamericana',68);
INSERT INTO arbitro(idArbitro,TipoArbitro,Confederacion,idPersona) VALUES (8,'central','America del norte',69);
INSERT INTO arbitro(idArbitro,TipoArbitro,Confederacion,idPersona) VALUES (9,'lateral','America del norte',70);
INSERT INTO arbitro(idArbitro,TipoArbitro,Confederacion,idPersona) VALUES (10,'lateral','Europea',72);
INSERT INTO arbitro(idArbitro,TipoArbitro,Confederacion,idPersona) VALUES (11,'central','Asia',73);
INSERT INTO arbitro(idArbitro,TipoArbitro,Confederacion,idPersona) VALUES (12,'lateral','Africana',75);
/*Se crean los usuarios a partir de los  arbitros */
INSERT INTO usuario(idUsuario,Usuario,Contraseña,Tipo,idArbitro) VALUES (1,'administrador','j6JVXNCgND8=','ADMINISTRADOR',1);
INSERT INTO usuario(idUsuario,Usuario,Contraseña,Tipo,idArbitro) VALUES (2,'795037628','326u4CMi2w3cX0TQ8zmRCg==','ARBITRO',2);
INSERT INTO usuario(idUsuario,Usuario,Contraseña,Tipo,idArbitro) VALUES (3,'1122334455','T5jtAjxT1wiUU0sCFc6AnA==','ARBITRO',3);
INSERT INTO usuario(idUsuario,Usuario,Contraseña,Tipo,idArbitro) VALUES (4,'1123456789','sY8T+BQEZ/w8MdTyGRCA2A==','ARBITRO',4);
INSERT INTO usuario(idUsuario,Usuario,Contraseña,Tipo,idArbitro) VALUES (5,'1143526789','Adms82vViTw8MdTyGRCA2A==','ARBITRO',5);
INSERT INTO usuario(idUsuario,Usuario,Contraseña,Tipo,idArbitro) VALUES (6,'1142356789','9UpbyeI3Sew8MdTyGRCA2A==','ARBITRO',6);
INSERT INTO usuario(idUsuario,Usuario,Contraseña,Tipo,idArbitro) VALUES (7,'5253910882','F7+xp/GyccfkOZOROeI+ew==','ARBITRO',7);
INSERT INTO usuario(idUsuario,Usuario,Contraseña,Tipo,idArbitro) VALUES (8,'1939313691','YTNPMgvi3vv34Qu5sxDbSA==','ARBITRO',8);
INSERT INTO usuario(idUsuario,Usuario,Contraseña,Tipo,idArbitro) VALUES (9,'1354179000','yucFMPcLH9rh88mo2eusRA==','ARBITRO',9);
INSERT INTO usuario(idUsuario,Usuario,Contraseña,Tipo,idArbitro) VALUES (10,'5250423528','ignFZQy7vfkLk1paEZXBfw==','ARBITRO',10);
INSERT INTO usuario(idUsuario,Usuario,Contraseña,Tipo,idArbitro) VALUES (11,'5233482737','HutVBO6TCAup987cy2I2aw==','ARBITRO',11);
INSERT INTO usuario(idUsuario,Usuario,Contraseña,Tipo,idArbitro) VALUES (12,'1927324155','qUY9/f73WSyUU0sCFc6AnA==','ARBITRO',12);


/*Se crean los colegio para poder crear los jugadores*/
INSERT INTO colegio(idColegio,NombreColegio,NombreRepres) VALUES (1,'CENTRO EDUCATIVO PARTICULAR LA CALANDRIA','');
INSERT INTO colegio(idColegio,NombreColegio,NombreRepres) VALUES (2,'JARDIN ANTONIO PEÑA CELI','');
INSERT INTO colegio(idColegio,NombreColegio,NombreRepres) VALUES (3,'JOSE VICENTE ANDRADE','');
INSERT INTO colegio(idColegio,NombreColegio,NombreRepres) VALUES (4,'DOLORES PALACIO BRAVO','');
INSERT INTO colegio(idColegio,NombreColegio,NombreRepres) VALUES (5,'CUERPO DE PAZ','');
INSERT INTO colegio(idColegio,NombreColegio,NombreRepres) VALUES (6,'PIEDAD BURNEO DE OJEDA','');
INSERT INTO colegio(idColegio,NombreColegio,NombreRepres) VALUES (7,'CENTRO  DE   FORMACION ARTESANAL FISCAL VILCABAMBA','');
INSERT INTO colegio(idColegio,NombreColegio,NombreRepres) VALUES (8,'JUAN MONTALVO','');
INSERT INTO colegio(idColegio,NombreColegio,NombreRepres) VALUES (9,'MANUEL RIOFRIO MORA','');
INSERT INTO colegio(idColegio,NombreColegio,NombreRepres) VALUES (10,'MACARA','');
INSERT INTO colegio(idColegio,NombreColegio,NombreRepres) VALUES (11,'TRECE DE ABRIL','');
INSERT INTO colegio(idColegio,NombreColegio,NombreRepres) VALUES (12,'MIIGUEL CARPIO MENDIETA','');
INSERT INTO colegio(idColegio,NombreColegio,NombreRepres) VALUES (13,'JULIAN DE RUA PIZARRO','');
INSERT INTO colegio(idColegio,NombreColegio,NombreRepres) VALUES (14,'GONZALO ABAD GRIJALVA','');
INSERT INTO colegio(idColegio,NombreColegio,NombreRepres) VALUES (15,'FRANCISCO JAVIER SALAZAR','');
INSERT INTO colegio(idColegio,NombreColegio,NombreRepres) VALUES (16,'SAN PEDRO DE VILCABAMBA','');
INSERT INTO colegio(idColegio,NombreColegio,NombreRepres) VALUES (17,'ESCUELA ROSA CEVALLOS DE LUDEÑA','');
INSERT INTO colegio(idColegio,NombreColegio,NombreRepres) VALUES (18,'LUCRECIA ALDEAN','');
INSERT INTO colegio(idColegio,NombreColegio,NombreRepres) VALUES (19,'NUEVE DE OCTUBRE','');
INSERT INTO colegio(idColegio,NombreColegio,NombreRepres) VALUES (20,'BETZABET LUZURIAGA','');
INSERT INTO colegio(idColegio,NombreColegio,NombreRepres) VALUES (21,'COLEGIO NACIONAL MIXTO VILCABAMBA','');
INSERT INTO colegio(idColegio,NombreColegio,NombreRepres) VALUES (22,'MATILDE PALACIO DE JARAMILLO','');
INSERT INTO colegio(idColegio,NombreColegio,NombreRepres) VALUES (23,'DR. RICARDO SOTOMAYOR','');
INSERT INTO colegio(idColegio,NombreColegio,NombreRepres) VALUES (24,'FRAY VICENTE SOLANO','');
INSERT INTO colegio(idColegio,NombreColegio,NombreRepres) VALUES (25,'PEDRO LÓPEZ MEDRANO','');
INSERT INTO colegio(idColegio,NombreColegio,NombreRepres) VALUES (26,'JUAN ULLAURI','');
INSERT INTO colegio(idColegio,NombreColegio,NombreRepres) VALUES (27,'MANUEL BENJAMIN CARRION','');
INSERT INTO colegio(idColegio,NombreColegio,NombreRepres) VALUES (28,'JOAQUIN PALACIOS','');
INSERT INTO colegio(idColegio,NombreColegio,NombreRepres) VALUES (29,'VICENTE PAZ','');
INSERT INTO colegio(idColegio,NombreColegio,NombreRepres) VALUES (30,'JOSE VASCONCELOS','');
INSERT INTO colegio(idColegio,NombreColegio,NombreRepres) VALUES (31,'COLEGIO NACIONAL DR BALTAZAR AGUIRRE','');
INSERT INTO colegio(idColegio,NombreColegio,NombreRepres) VALUES (32,'DIRIGENTES DEL FUTURO','');
INSERT INTO colegio(idColegio,NombreColegio,NombreRepres) VALUES (33,'VICTOR GERARDO PILCO','');
INSERT INTO colegio(idColegio,NombreColegio,NombreRepres) VALUES (34,'FRANCISCO EGUIGUREN','');
INSERT INTO colegio(idColegio,NombreColegio,NombreRepres) VALUES (35,'LEONILA CORIZANDRA TANDAZO ATARIHUANA','');
INSERT INTO colegio(idColegio,NombreColegio,NombreRepres) VALUES (36,'DR LUIS EMILIO RODRIGUEZ','');
INSERT INTO colegio(idColegio,NombreColegio,NombreRepres) VALUES (37,'MANUEL ESTEBAN GODOY O.','');
INSERT INTO colegio(idColegio,NombreColegio,NombreRepres) VALUES (38,'RAFAEL RODRIGUEZ PALACIOS','');
INSERT INTO colegio(idColegio,NombreColegio,NombreRepres) VALUES (39,'CAMILO DESTRUGE ILLINWORTH','');
INSERT INTO colegio(idColegio,NombreColegio,NombreRepres) VALUES (40,'MARTHA BUCARAM DE ROLDOS','');
INSERT INTO colegio(idColegio,NombreColegio,NombreRepres) VALUES (41,'TEODORO WOLF','');
INSERT INTO colegio(idColegio,NombreColegio,NombreRepres) VALUES (42,'MANUEL GOMEZ  DE SALAZAR','');
INSERT INTO colegio(idColegio,NombreColegio,NombreRepres) VALUES (43,'ROLANDO MERCHAN SEMERIA','');
INSERT INTO colegio(idColegio,NombreColegio,NombreRepres) VALUES (44,'ELVIA BÉLGICA JIMÉNEZ DE GONZÁLEZ','');
INSERT INTO colegio(idColegio,NombreColegio,NombreRepres) VALUES (45,'VICTOR MANUEL BURNEO','');
INSERT INTO colegio(idColegio,NombreColegio,NombreRepres) VALUES (46,'LUIS VIVES','');
INSERT INTO colegio(idColegio,NombreColegio,NombreRepres) VALUES (47,'ESCUELA ANGEL MINOS CUEVA','');
INSERT INTO colegio(idColegio,NombreColegio,NombreRepres) VALUES (48,'UNIDAD EDUCATIVA MANUEL JOSÉ  RODRIGUEZ','');
INSERT INTO colegio(idColegio,NombreColegio,NombreRepres) VALUES (49,'MARIA MONTESSORI','');
INSERT INTO colegio(idColegio,NombreColegio,NombreRepres) VALUES (50,'NELSON BERMEO','');
INSERT INTO colegio(idColegio,NombreColegio,NombreRepres) VALUES (51,'BLANCA CANO PALACIOS','');
INSERT INTO colegio(idColegio,NombreColegio,NombreRepres) VALUES (52,'MANUEL BENIGNO FIGUEROA CARRION','');
INSERT INTO colegio(idColegio,NombreColegio,NombreRepres) VALUES (53,'16 DE JULIO','');
INSERT INTO colegio(idColegio,NombreColegio,NombreRepres) VALUES (54,'COLEGIO NACIONAL RUMISHITANA','');
INSERT INTO colegio(idColegio,NombreColegio,NombreRepres) VALUES (55,'REINA JULIANA DE HOLANDA','');
INSERT INTO colegio(idColegio,NombreColegio,NombreRepres) VALUES (56,'JOSE BENIGNO JARAMILLO','');
INSERT INTO colegio(idColegio,NombreColegio,NombreRepres) VALUES (57,'VICTOR MERCANTE','');
INSERT INTO colegio(idColegio,NombreColegio,NombreRepres) VALUES (58,'COLEGIO NACIONAL DR. EDUARDO MORA MORENO','');
INSERT INTO colegio(idColegio,NombreColegio,NombreRepres) VALUES (59,'CLORINDA ESPINOSA','');
INSERT INTO colegio(idColegio,NombreColegio,NombreRepres) VALUES (60,'BENJAMIN FRANKLIN NO 30','');
INSERT INTO colegio(idColegio,NombreColegio,NombreRepres) VALUES (61,'SIN NOMBRE (LINDEROS)','');
INSERT INTO colegio(idColegio,NombreColegio,NombreRepres) VALUES (62,'RIO LAGARTOCOCHA','');
INSERT INTO colegio(idColegio,NombreColegio,NombreRepres) VALUES (63,'DR HUGO GUILLERMO GONZALEZ','');
INSERT INTO colegio(idColegio,NombreColegio,NombreRepres) VALUES (64,'BENJAMIN AYORA','');
INSERT INTO colegio(idColegio,NombreColegio,NombreRepres) VALUES (65,'OLGA MOROCHO CORREA','');
INSERT INTO colegio(idColegio,NombreColegio,NombreRepres) VALUES (66,'JUAN ZAMBRANO','');
INSERT INTO colegio(idColegio,NombreColegio,NombreRepres) VALUES (67,'TULCAN','');
INSERT INTO colegio(idColegio,NombreColegio,NombreRepres) VALUES (68,'JOSE MARIA BUSTAMANTE','');
INSERT INTO colegio(idColegio,NombreColegio,NombreRepres) VALUES (69,'RICARDO VALDIVIESO','');
INSERT INTO colegio(idColegio,NombreColegio,NombreRepres) VALUES (70,'VICENTE JARAMILLO PALACIO','');
INSERT INTO colegio(idColegio,NombreColegio,NombreRepres) VALUES (71,'PEDRO PINTO GUZMAN','');
INSERT INTO colegio(idColegio,NombreColegio,NombreRepres) VALUES (72,'ANGEL RUBEN  PLACENCIA','');
INSERT INTO colegio(idColegio,NombreColegio,NombreRepres) VALUES (73,'CLOTARIO ESPINOSA SIGCHO','');
INSERT INTO colegio(idColegio,NombreColegio,NombreRepres) VALUES (74,'GUILLERMO HERRERA SANCHEZ','');
INSERT INTO colegio(idColegio,NombreColegio,NombreRepres) VALUES (75,'PIO JARAMILLO ALVARADO','');
INSERT INTO colegio(idColegio,NombreColegio,NombreRepres) VALUES (76,'DR. BENJAMIN AYORA CUEVA','');
INSERT INTO colegio(idColegio,NombreColegio,NombreRepres) VALUES (77,'PEDRO FERMIN CEVALLOS','');
INSERT INTO colegio(idColegio,NombreColegio,NombreRepres) VALUES (78,'ISABEL DE ARAGON','');
INSERT INTO colegio(idColegio,NombreColegio,NombreRepres) VALUES (79,'ADOLFO VALAREZO','');
INSERT INTO colegio(idColegio,NombreColegio,NombreRepres) VALUES (80,'JUAN BENIGNO VELA','');
INSERT INTO colegio(idColegio,NombreColegio,NombreRepres) VALUES (81,'JUVENTUD EN MARCHA','');
INSERT INTO colegio(idColegio,NombreColegio,NombreRepres) VALUES (82,'EDUARDO UNDA BUSTAMANTE','');
INSERT INTO colegio(idColegio,NombreColegio,NombreRepres) VALUES (83,'LIBIA MELIDA JARAMILLO','');
INSERT INTO colegio(idColegio,NombreColegio,NombreRepres) VALUES (84,'LEONCIO JARAMILLO ESCUDERO','');
INSERT INTO colegio(idColegio,NombreColegio,NombreRepres) VALUES (85,'ANTONIO JIMENEZ DE MONTE','');
INSERT INTO colegio(idColegio,NombreColegio,NombreRepres) VALUES (86,'MARIA DOMINGA GUAYA SINCHE','');
INSERT INTO colegio(idColegio,NombreColegio,NombreRepres) VALUES (87,'SAN VICENTE FERRER','');
INSERT INTO colegio(idColegio,NombreColegio,NombreRepres) VALUES (88,'GONZALEZ SUAREZ','');
INSERT INTO colegio(idColegio,NombreColegio,NombreRepres) VALUES (89,'CENTRO OCUPACIONAL DE MÚSICA EMILIO ESCUDERO','');
INSERT INTO colegio(idColegio,NombreColegio,NombreRepres) VALUES (90,'SEI FOOTPRINTS ELEMENTARY SCHOOL (PRIMARIA)','');
INSERT INTO colegio(idColegio,NombreColegio,NombreRepres) VALUES (91,'LOS OLIVOS','');
INSERT INTO colegio(idColegio,NombreColegio,NombreRepres) VALUES (92,'MUNDO DE COLORES','');
INSERT INTO colegio(idColegio,NombreColegio,NombreRepres) VALUES (93,'CABO MINACHO','');
INSERT INTO colegio(idColegio,NombreColegio,NombreRepres) VALUES (94,'COLEGIO POPULAR A DISTANCIA PIO JARAMILLO ALVARADO','');
INSERT INTO colegio(idColegio,NombreColegio,NombreRepres) VALUES (95,'ESCUELA FISCAL DE NIÑAS ELISEO ÁLVAREZ','');
INSERT INTO colegio(idColegio,NombreColegio,NombreRepres) VALUES (96,'CENTRO EDUCATIVO AMAUTA','');
INSERT INTO colegio(idColegio,NombreColegio,NombreRepres) VALUES (97,'CDI YACUARCUNA ANEXO A LA GUARDERIA','');
INSERT INTO colegio(idColegio,NombreColegio,NombreRepres) VALUES (98,'DR MANUEL BENJAMIN CARRION MORA','');
INSERT INTO colegio(idColegio,NombreColegio,NombreRepres) VALUES (99,'DOCTOR BENJAMIN CARRION','');
INSERT INTO colegio(idColegio,NombreColegio,NombreRepres) VALUES (100,'ESPECIAL CIUDAD DE LOJA N1','');
INSERT INTO colegio(idColegio,NombreColegio,NombreRepres) VALUES (101,'CENTRO EDUCATIVO PARTICULAR BILINGUE ARCOIRIS','');
INSERT INTO colegio(idColegio,NombreColegio,NombreRepres) VALUES (102,'ESCUELA FISCOMISIONAL EDUVIGES PORTALET','');
INSERT INTO colegio(idColegio,NombreColegio,NombreRepres) VALUES (103,'ESCUELA ALONSO DE MERCADILLO','');
INSERT INTO colegio(idColegio,NombreColegio,NombreRepres) VALUES (104,'CENTRO EDUCATIVO INTEGRAL ALBORADA','');
INSERT INTO colegio(idColegio,NombreColegio,NombreRepres) VALUES (105,'COLEGIO EXPIREMENTAL PIO JARAMILLO ALVARADO','');
INSERT INTO colegio(idColegio,NombreColegio,NombreRepres) VALUES (106,'CHISPITAS','');
INSERT INTO colegio(idColegio,NombreColegio,NombreRepres) VALUES (107,'CENTRO DE FORMACION ARTESANAL  FEDERACION DE ARTESANOS DE LOJA','');
INSERT INTO colegio(idColegio,NombreColegio,NombreRepres) VALUES (108,'UNIDAD EDUCATIVA  MUNICIPAL  PRADERA','');
INSERT INTO colegio(idColegio,NombreColegio,NombreRepres) VALUES (109,'MANUEL JOSE AGUIRRE','');
INSERT INTO colegio(idColegio,NombreColegio,NombreRepres) VALUES (110,'UNIDAD EDUCATIVA EXPERIMENTAL PARA CIEGOS LUIS BRAILLE','');
INSERT INTO colegio(idColegio,NombreColegio,NombreRepres) VALUES (111,'NICOLASA JURADO','');
INSERT INTO colegio(idColegio,NombreColegio,NombreRepres) VALUES (112,'PIO JARAMILLO ALVARADO','');
INSERT INTO colegio(idColegio,NombreColegio,NombreRepres) VALUES (113,'LINDEMBERG','');
INSERT INTO colegio(idColegio,NombreColegio,NombreRepres) VALUES (114,'GOTITAS DE MIEL','');
INSERT INTO colegio(idColegio,NombreColegio,NombreRepres) VALUES (115,'COLEGIO EXPERIMENTAL BERNARDO VALDIVIESO','');
INSERT INTO colegio(idColegio,NombreColegio,NombreRepres) VALUES (116,'APRENDER JUGANDO','');
INSERT INTO colegio(idColegio,NombreColegio,NombreRepres) VALUES (117,'TAGESSCHULE Y COLEGIO SAN GERARDO','');
INSERT INTO colegio(idColegio,NombreColegio,NombreRepres) VALUES (118,'ENRIQUE AGUIRRE BUSTAMANTE','');
INSERT INTO colegio(idColegio,NombreColegio,NombreRepres) VALUES (119,'UNIDAD EDUCATIVA ANEXA A LA UNIVERSIDAD NACIONAL DE LOJA','');
INSERT INTO colegio(idColegio,NombreColegio,NombreRepres) VALUES (120,'DR. FRANCISCO COSTA MALDONADO','');
INSERT INTO colegio(idColegio,NombreColegio,NombreRepres) VALUES (121,'DR. REINALDO ESPINOZA AGUILAR','');
INSERT INTO colegio(idColegio,NombreColegio,NombreRepres) VALUES (122,'CENTRO EDUCATIVO PARTICULAR BILINGUE SAN ANDRES (PRIMARIO)','');
INSERT INTO colegio(idColegio,NombreColegio,NombreRepres) VALUES (123,'MUNICIPAL ECOLOGICA','');
INSERT INTO colegio(idColegio,NombreColegio,NombreRepres) VALUES (124,'DOROTEA CARRION','');
INSERT INTO colegio(idColegio,NombreColegio,NombreRepres) VALUES (125,'MATER DEI000','');
INSERT INTO colegio(idColegio,NombreColegio,NombreRepres) VALUES (126,'LICEO AMERICANO','');
INSERT INTO colegio(idColegio,NombreColegio,NombreRepres) VALUES (127,'ROSA ELENA EGUIGUREN','');
INSERT INTO colegio(idColegio,NombreColegio,NombreRepres) VALUES (128,'CARLOS BURNEO ARIAS','');
INSERT INTO colegio(idColegio,NombreColegio,NombreRepres) VALUES (129,'EDISON CALLE LOAIZA','');
INSERT INTO colegio(idColegio,NombreColegio,NombreRepres) VALUES (130,'U.E MUNICIPAL HEROES DEL CENEPA','');
INSERT INTO colegio(idColegio,NombreColegio,NombreRepres) VALUES (131,'LUIS HUMBERTO BENITEZ COSTA','');
INSERT INTO colegio(idColegio,NombreColegio,NombreRepres) VALUES (132,'ALFONSO AULESTIA BRAVO','');
INSERT INTO colegio(idColegio,NombreColegio,NombreRepres) VALUES (133,'TECNICO FISCAL MIXTO 27 DE FEBRERO','');
INSERT INTO colegio(idColegio,NombreColegio,NombreRepres) VALUES (134,'MERCEDES DE JESUS MOLINA Y AYALA','');
INSERT INTO colegio(idColegio,NombreColegio,NombreRepres) VALUES (135,'CONSERVATORIO SUPERIOR SALVADOR BUSTAMANTE CELI','');
INSERT INTO colegio(idColegio,NombreColegio,NombreRepres) VALUES (136,'DON BOSCO','');
INSERT INTO colegio(idColegio,NombreColegio,NombreRepres) VALUES (137,'HUMANITOS','');
INSERT INTO colegio(idColegio,NombreColegio,NombreRepres) VALUES (138,'CORDILLERA','');
INSERT INTO colegio(idColegio,NombreColegio,NombreRepres) VALUES (139,'UNIDAD EDUCATIVA A DISTANCIA DE LOJA EXTENSION RENACIMIENTO','');
INSERT INTO colegio(idColegio,NombreColegio,NombreRepres) VALUES (140,'FAUSTO MOLINA','');
INSERT INTO colegio(idColegio,NombreColegio,NombreRepres) VALUES (141,'MIGUEL ANGEL SUAREZ ROJAS','');
INSERT INTO colegio(idColegio,NombreColegio,NombreRepres) VALUES (142,'ADOLFO JURADO GONZALEZ','');
INSERT INTO colegio(idColegio,NombreColegio,NombreRepres) VALUES (143,'ANGEL MODESTO VALLEJO VIVANCO','');
INSERT INTO colegio(idColegio,NombreColegio,NombreRepres) VALUES (144,'AGUSTIN ALFONSO PALACIO PALACIO','');
INSERT INTO colegio(idColegio,NombreColegio,NombreRepres) VALUES (145,'UNIDAD INFANTIL Y ORFANATO MUNICIPAL N1','');
INSERT INTO colegio(idColegio,NombreColegio,NombreRepres) VALUES (146,'TENIENTE HUGO ORTIZ N2','');
INSERT INTO colegio(idColegio,NombreColegio,NombreRepres) VALUES (147,'UNIDAD EDUC FISCOMISIONAL A DISTACIA JOSE MARIA VELAZ SJ EXT 1LOJA','');
INSERT INTO colegio(idColegio,NombreColegio,NombreRepres) VALUES (148,'BENIGNO BAYANCELA','');
INSERT INTO colegio(idColegio,NombreColegio,NombreRepres) VALUES (149,'UNIDAD EDUCATIVA CALASANZ','');
INSERT INTO colegio(idColegio,NombreColegio,NombreRepres) VALUES (150,'INSTITUTO TECNOLOGICO SUPERIOR DANIEL ALVAREZ BURNEO','');
INSERT INTO colegio(idColegio,NombreColegio,NombreRepres) VALUES (151,'SIGLO XXI','');
INSERT INTO colegio(idColegio,NombreColegio,NombreRepres) VALUES (152,'EL TESORO DEL SABER','');
INSERT INTO colegio(idColegio,NombreColegio,NombreRepres) VALUES (153,'CENTRO ARTESANAL TNTE. HUGO ORTIZ','');
INSERT INTO colegio(idColegio,NombreColegio,NombreRepres) VALUES (154,'TENIENTE HUGO ORTIZ N1','');
INSERT INTO colegio(idColegio,NombreColegio,NombreRepres) VALUES (155,'CENTRO EDUCATIVO CARPE DIEM','');
INSERT INTO colegio(idColegio,NombreColegio,NombreRepres) VALUES (156,'CENTRO ARTESANAL DOROTEA CARRION','');
INSERT INTO colegio(idColegio,NombreColegio,NombreRepres) VALUES (157,'DR  JOSE MIGUEL CARRION  MORA','');
INSERT INTO colegio(idColegio,NombreColegio,NombreRepres) VALUES (158,'UNIDAD EDUCATIVA A DISTANCIA DE LOJA EXT HNO ANGEL PASTRANA','');
INSERT INTO colegio(idColegio,NombreColegio,NombreRepres) VALUES (159,'ANTONIO PENA CELI','');
INSERT INTO colegio(idColegio,NombreColegio,NombreRepres) VALUES (160,'CENTRO EDUCATIVO INTERANDINO','');
INSERT INTO colegio(idColegio,NombreColegio,NombreRepres) VALUES (161,'CENTRO DE FORMACION ARTESANAL RAMONA CABRERA','');
INSERT INTO colegio(idColegio,NombreColegio,NombreRepres) VALUES (162,'UNIDAD EDUCATIVA SANTA MARIANA DE JESUS','');
INSERT INTO colegio(idColegio,NombreColegio,NombreRepres) VALUES (163,'ESC. ADOLFO JURADO GONZALEZ','');
INSERT INTO colegio(idColegio,NombreColegio,NombreRepres) VALUES (164,'JUAN PABLO II','');
INSERT INTO colegio(idColegio,NombreColegio,NombreRepres) VALUES (165,'RAINBOW PLAY SCHOOL','');
INSERT INTO colegio(idColegio,NombreColegio,NombreRepres) VALUES (166,'CENTRO EDUCATIVO PARTICULAR BILINGUE BETEL','');
INSERT INTO colegio(idColegio,NombreColegio,NombreRepres) VALUES (167,'COLEGIO PARTICULAR ISIDRO AYORA','');
INSERT INTO colegio(idColegio,NombreColegio,NombreRepres) VALUES (168,'COLEGIO PARTICULA R JUAN MONTALVO','');
INSERT INTO colegio(idColegio,NombreColegio,NombreRepres) VALUES (169,'MIGUEL RIOFRIO  N 1','');
INSERT INTO colegio(idColegio,NombreColegio,NombreRepres) VALUES (170,'UNIDAD EDUCATIVA ATENEO','');
INSERT INTO colegio(idColegio,NombreColegio,NombreRepres) VALUES (171,'MONS. FRANCISCO VALDIVIEZO ALVARADO','');
INSERT INTO colegio(idColegio,NombreColegio,NombreRepres) VALUES (172,'SAN JUAN BAUTISTA DE LA SALLE','');
INSERT INTO colegio(idColegio,NombreColegio,NombreRepres) VALUES (173,'UNIDAD EDUCATIVA FISCOMISIONAL  VICENTE ANDA AGUIRRE','');
INSERT INTO colegio(idColegio,NombreColegio,NombreRepres) VALUES (174,'UNIDAD EDUCATIVA PARTICULAR LA INMACULADA','');
INSERT INTO colegio(idColegio,NombreColegio,NombreRepres) VALUES (175,'JOSE ANTONIO EGUIGUREN  LA SALLE','');
INSERT INTO colegio(idColegio,NombreColegio,NombreRepres) VALUES (176,'UNIDAD EDUCATIVA SAN FRANCISCO DE ASIS','');
INSERT INTO colegio(idColegio,NombreColegio,NombreRepres) VALUES (177,'UNIDAD EDUCATIVA LA PORCIUNCULA','');
INSERT INTO colegio(idColegio,NombreColegio,NombreRepres) VALUES (178,'MIGUEL ANGEL SUAREZ ROJAS','');
INSERT INTO colegio(idColegio,NombreColegio,NombreRepres) VALUES (179,'ESCUELA 18 DE NOVIEMBRE','');
INSERT INTO colegio(idColegio,NombreColegio,NombreRepres) VALUES (180,'CENTRO DE DESARROLLO INTEGRAL PUNTO DE PARTIDA','');
INSERT INTO colegio(idColegio,NombreColegio,NombreRepres) VALUES (181,'MIGUEL RIOFRIO N° 2','');
INSERT INTO colegio(idColegio,NombreColegio,NombreRepres) VALUES (182,'ESCUELA PARTICULAR VESPERTINA CONFESIONAL LA DOLOROSA','');
INSERT INTO colegio(idColegio,NombreColegio,NombreRepres) VALUES (183,'INSTITUTO ESPECIAL FISCAL PARA CIEGOS BYRON EGUIGUREN','');
INSERT INTO colegio(idColegio,NombreColegio,NombreRepres) VALUES (184,'COLEGIO DE BACHILLERATO BEATRIZ CUEVA DE AYORA','');
INSERT INTO colegio(idColegio,NombreColegio,NombreRepres) VALUES (185,'LAS ABEJITAS','');
INSERT INTO colegio(idColegio,NombreColegio,NombreRepres) VALUES (186,'CADE','');
INSERT INTO colegio(idColegio,NombreColegio,NombreRepres) VALUES (187,'COLEGIO DR. ANTONIO PEñA CELI','');
INSERT INTO colegio(idColegio,NombreColegio,NombreRepres) VALUES (188,'ROSA JOSEFINA BURNEO DE BURNEO','');
INSERT INTO colegio(idColegio,NombreColegio,NombreRepres) VALUES (189,'MONTSERRAT','');
INSERT INTO colegio(idColegio,NombreColegio,NombreRepres) VALUES (190,'CENTRO DE PRIMARIA POPULAR BRIGADA DE INFANTERIA N 7','');
INSERT INTO colegio(idColegio,NombreColegio,NombreRepres) VALUES (191,'LAS ARDILLITAS','');
INSERT INTO colegio(idColegio,NombreColegio,NombreRepres) VALUES (192,'LUIS ANTONIO ENRIQUE ORTEGA','');
INSERT INTO colegio(idColegio,NombreColegio,NombreRepres) VALUES (193,'VICENTE BASTIDAS REINOSO','');
INSERT INTO colegio(idColegio,NombreColegio,NombreRepres) VALUES (194,'25 DE DICIEMBRE','');
INSERT INTO colegio(idColegio,NombreColegio,NombreRepres) VALUES (195,'ISIDRO AYORA PRESIDENTE','');
INSERT INTO colegio(idColegio,NombreColegio,NombreRepres) VALUES (196,'MANUEL IGNACIO MONTERO VALDIVIESO','');
INSERT INTO colegio(idColegio,NombreColegio,NombreRepres) VALUES (197,'HERNAN GALLARDO MOSCOSO','');
INSERT INTO colegio(idColegio,NombreColegio,NombreRepres) VALUES (198,'PARAISO INFANTIL','');
INSERT INTO colegio(idColegio,NombreColegio,NombreRepres) VALUES (199,'PEDRO DE CIANCA','');
INSERT INTO colegio(idColegio,NombreColegio,NombreRepres) VALUES (200,'BURBUJITAS DE SABIDURIA','');
INSERT INTO colegio(idColegio,NombreColegio,NombreRepres) VALUES (201,'FILOMENA ROJAS','');
INSERT INTO colegio(idColegio,NombreColegio,NombreRepres) VALUES (202,'ZOILA MARIA ASTUDILLO CELI','');
INSERT INTO colegio(idColegio,NombreColegio,NombreRepres) VALUES (203,'JOSE ALEJANDRINO VELASCO','');
INSERT INTO colegio(idColegio,NombreColegio,NombreRepres) VALUES (204,'FILOMENA MORA DE CARRION','');
INSERT INTO colegio(idColegio,NombreColegio,NombreRepres) VALUES (205,'UNIDAD EDUCATIVA MUNICIPAL DR ANGEL FELICISIMO ROJAS','');
INSERT INTO colegio(idColegio,NombreColegio,NombreRepres) VALUES (206,'UNIDAD EDUCATIVA MUNICIPAL MONSEÑOR JORGE GUILLERMO ARMIJOS','');
INSERT INTO colegio(idColegio,NombreColegio,NombreRepres) VALUES (207,'CIUDAD DE LOJA','');
INSERT INTO colegio(idColegio,NombreColegio,NombreRepres) VALUES (208,'JULIO ORDOÑEZ ESPINOSA','');
INSERT INTO colegio(idColegio,NombreColegio,NombreRepres) VALUES (209,'JOSE ANGEL PALACIO','');
INSERT INTO colegio(idColegio,NombreColegio,NombreRepres) VALUES (210,'ORIENTE ECUATORIANO','');
INSERT INTO colegio(idColegio,NombreColegio,NombreRepres) VALUES (211,'COLEGIO FISCAL MIXTO MANUEL ENRIQUE RENGEL','');
INSERT INTO colegio(idColegio,NombreColegio,NombreRepres) VALUES (212,'ROSA GRIMANESA ORTEGA','');
INSERT INTO colegio(idColegio,NombreColegio,NombreRepres) VALUES (213,'JOSE MIGUEL GARCIA MORENO','');
INSERT INTO colegio(idColegio,NombreColegio,NombreRepres) VALUES (214,'INTERNATIONAL SCHOOL HIJOS DEL REY','');
INSERT INTO colegio(idColegio,NombreColegio,NombreRepres) VALUES (215,'COLEGIO NACIONAL ADOLFO VALAREZO','');
INSERT INTO colegio(idColegio,NombreColegio,NombreRepres) VALUES (216,'CENTRO DE REHABILITACION DE MENORES','');
INSERT INTO colegio(idColegio,NombreColegio,NombreRepres) VALUES (217,'CENTRO EDUCATIVO PARTICULAR BILINGUE DIRIGENTES DEL FUTURO','');
INSERT INTO colegio(idColegio,NombreColegio,NombreRepres) VALUES (218,'PARTICULAR A DISTANCIA AMAZONAS','');
INSERT INTO colegio(idColegio,NombreColegio,NombreRepres) VALUES (219,'LAURO DAMERVAL AYORA Nº2','');
INSERT INTO colegio(idColegio,NombreColegio,NombreRepres) VALUES (220,'INSTITUTO PARTICULAR DE EDUCACION BASICA SIMON BOLIVAR','');
INSERT INTO colegio(idColegio,NombreColegio,NombreRepres) VALUES (221,'RAMON SEBASTIAN VALDIVIEZO','');
INSERT INTO colegio(idColegio,NombreColegio,NombreRepres) VALUES (222,'REPUBLICA DE CUBA','');
INSERT INTO colegio(idColegio,NombreColegio,NombreRepres) VALUES (223,'DANIEL RODAS BUSTAMANTE','');
INSERT INTO colegio(idColegio,NombreColegio,NombreRepres) VALUES (224,'DRA  MATILDE HIDALGO DE PROCEL N1','');
INSERT INTO colegio(idColegio,NombreColegio,NombreRepres) VALUES (225,'GRACIELA FELIPA ATARIHUANA','');
INSERT INTO colegio(idColegio,NombreColegio,NombreRepres) VALUES (226,'UNIDAD EDUCATIVA MUNICIPAL TIERRAS COLORADAS','');
INSERT INTO colegio(idColegio,NombreColegio,NombreRepres) VALUES (227,'U.E MUNICIPAL BORJA','');
INSERT INTO colegio(idColegio,NombreColegio,NombreRepres) VALUES (228,'MATILDE HIDALGO DE PROCEL NRO 2','');
INSERT INTO colegio(idColegio,NombreColegio,NombreRepres) VALUES (229,'ANDRES MACHADO MONTERO','');
INSERT INTO colegio(idColegio,NombreColegio,NombreRepres) VALUES (230,'CAPULÍ LOMA','');
INSERT INTO colegio(idColegio,NombreColegio,NombreRepres) VALUES (231,'MONS.JUAN MARIA RIOFRIO','');
INSERT INTO colegio(idColegio,NombreColegio,NombreRepres) VALUES (232,'JOSE MIGUEL BURNEO BURNEO','');
INSERT INTO colegio(idColegio,NombreColegio,NombreRepres) VALUES (233,'LUZ HORTENSIA RUIZ CENTRO ARTESANAL','');
INSERT INTO colegio(idColegio,NombreColegio,NombreRepres) VALUES (234,'CENTRO EDUCATIVO IV CENTENARIO 2','');
INSERT INTO colegio(idColegio,NombreColegio,NombreRepres) VALUES (235,'CENTRO EDUCATIVO SAGRADO CORAZON PRIMARIA','');
INSERT INTO colegio(idColegio,NombreColegio,NombreRepres) VALUES (236,'NIÑO JESUS','');
INSERT INTO colegio(idColegio,NombreColegio,NombreRepres) VALUES (237,'C.E.P. TIMOTEO','');
INSERT INTO colegio(idColegio,NombreColegio,NombreRepres) VALUES (238,'UNIDAD INFANTIL MUNICIPAL CENTRO COMERIAL LOJA','');
INSERT INTO colegio(idColegio,NombreColegio,NombreRepres) VALUES (239,'LAURO DAMERVAL AYORA 1','');
INSERT INTO colegio(idColegio,NombreColegio,NombreRepres) VALUES (240,'INSTITUTO EDUCATIVO SAN FRANCISCO JAVIER','');
INSERT INTO colegio(idColegio,NombreColegio,NombreRepres) VALUES (241,'CENTRO DE AUDICION Y LENGUAJE','');
INSERT INTO colegio(idColegio,NombreColegio,NombreRepres) VALUES (242,'LAS TRAVESURAS DE CAMILO','');
INSERT INTO colegio(idColegio,NombreColegio,NombreRepres) VALUES (243,'CUARTO  CENTENARIO  N 1','');
INSERT INTO colegio(idColegio,NombreColegio,NombreRepres) VALUES (244,'ZOILA ALVARADO DE JARAMILLO','');
INSERT INTO colegio(idColegio,NombreColegio,NombreRepres) VALUES (245,'FERNANDO CHAVEZ','');
INSERT INTO colegio(idColegio,NombreColegio,NombreRepres) VALUES (246,'SIN NOMBRE','');
INSERT INTO colegio(idColegio,NombreColegio,NombreRepres) VALUES (247,'CENTINELA DEL SUR','');
INSERT INTO colegio(idColegio,NombreColegio,NombreRepres) VALUES (248,'MADRE ETERNA','');
INSERT INTO colegio(idColegio,NombreColegio,NombreRepres) VALUES (249,'LA FLORIDA','');
INSERT INTO colegio(idColegio,NombreColegio,NombreRepres) VALUES (250,'RAMON BURNEO','');
INSERT INTO colegio(idColegio,NombreColegio,NombreRepres) VALUES (251,'JOSE RAFAEL ARIZAGA VEGA','');
INSERT INTO colegio(idColegio,NombreColegio,NombreRepres) VALUES (252,'I.E. ESPECIAL DE LOJA NO. 2','');
INSERT INTO colegio(idColegio,NombreColegio,NombreRepres) VALUES (253,'DR.JORGE CASTILLO CARRION','');
INSERT INTO colegio(idColegio,NombreColegio,NombreRepres) VALUES (254,'FEDERICO GARCIA LORCA','');
INSERT INTO colegio(idColegio,NombreColegio,NombreRepres) VALUES (255,'DR. ANGEL RAFAEL MORALES','');
INSERT INTO colegio(idColegio,NombreColegio,NombreRepres) VALUES (256,'ROSA SANCHEZ DE FIERRO','');
INSERT INTO colegio(idColegio,NombreColegio,NombreRepres) VALUES (257,'CLOTILDE GUILLEN DE REZANO','');
INSERT INTO colegio(idColegio,NombreColegio,NombreRepres) VALUES (258,'DR LUIS FELIPE ZAPATER ALVAREZ BLANCO','');
INSERT INTO colegio(idColegio,NombreColegio,NombreRepres) VALUES (259,'24 DE MAYO','');
INSERT INTO colegio(idColegio,NombreColegio,NombreRepres) VALUES (260,'HUGO GUILLERMO GONZALEZ','');
INSERT INTO colegio(idColegio,NombreColegio,NombreRepres) VALUES (261,'IBEROAMERICANO SAN AGUSTIN','');
INSERT INTO colegio(idColegio,NombreColegio,NombreRepres) VALUES (262,'POMPILIO REINOSO JARAMILLO','');
INSERT INTO colegio(idColegio,NombreColegio,NombreRepres) VALUES (263,'COLEGIO PARTICULAR EUGENIO ESPEJO','');
INSERT INTO colegio(idColegio,NombreColegio,NombreRepres) VALUES (264,'JULIO MARIA MATOVELLE','');
INSERT INTO colegio(idColegio,NombreColegio,NombreRepres) VALUES (265,'MARIETA DE VEINTIMILLA','');
INSERT INTO colegio(idColegio,NombreColegio,NombreRepres) VALUES (266,'UNIDAD EDUCATIVA TENIENTE CORONEL LAURO GUERRERO','');
INSERT INTO colegio(idColegio,NombreColegio,NombreRepres) VALUES (267,'ALBERGUE INFANTIL PADRE JULIO VILLARROEL OCAÑA','');
INSERT INTO colegio(idColegio,NombreColegio,NombreRepres) VALUES (268,'GUSTAVO DARQUEA TERAN','');
INSERT INTO colegio(idColegio,NombreColegio,NombreRepres) VALUES (269,'JOSE MARIA JARAMILLO SUAREZ','');
INSERT INTO colegio(idColegio,NombreColegio,NombreRepres) VALUES (270,'EMILIANO MORA','');
INSERT INTO colegio(idColegio,NombreColegio,NombreRepres) VALUES (271,'EDUCARE','');
INSERT INTO colegio(idColegio,NombreColegio,NombreRepres) VALUES (272,'JOSE INGENIEROS NUMERO 1','');
INSERT INTO colegio(idColegio,NombreColegio,NombreRepres) VALUES (273,'FRANCISCO RODAS BUSTAMANTE','');
INSERT INTO colegio(idColegio,NombreColegio,NombreRepres) VALUES (274,'MUNDO DE JUGUETE','');
INSERT INTO colegio(idColegio,NombreColegio,NombreRepres) VALUES (275,'JOSE INGENIERO N 2','');
INSERT INTO colegio(idColegio,NombreColegio,NombreRepres) VALUES (276,'SAN PABLO','');
INSERT INTO colegio(idColegio,NombreColegio,NombreRepres) VALUES (277,'CENTRO EDUCATIVO COMUNITARIO PACHAKUTIK','');
INSERT INTO colegio(idColegio,NombreColegio,NombreRepres) VALUES (278,'UNIDAD EDUCATIVA FERNANDO SUAREZ PALACIO','');
INSERT INTO colegio(idColegio,NombreColegio,NombreRepres) VALUES (279,'AMARILIS FUENTES','');
INSERT INTO colegio(idColegio,NombreColegio,NombreRepres) VALUES (280,'INTI PAKARI','');
INSERT INTO colegio(idColegio,NombreColegio,NombreRepres) VALUES (281,'WAKA KUSKA','');
INSERT INTO colegio(idColegio,NombreColegio,NombreRepres) VALUES (282,'BALBINA HIDALGO','');
INSERT INTO colegio(idColegio,NombreColegio,NombreRepres) VALUES (283,'CARCHI N21','');
INSERT INTO colegio(idColegio,NombreColegio,NombreRepres) VALUES (284,'DR MAXIMO AGUSTIN RODRIGEZ','');
INSERT INTO colegio(idColegio,NombreColegio,NombreRepres) VALUES (285,'SANTA CATALINA','');
INSERT INTO colegio(idColegio,NombreColegio,NombreRepres) VALUES (286,'MIGUEL ESPINOSA','');
INSERT INTO colegio(idColegio,NombreColegio,NombreRepres) VALUES (287,'CAMINOS DEL SABER','');
INSERT INTO colegio(idColegio,NombreColegio,NombreRepres) VALUES (288,'UNIDAD EDUCATIVA A DISTANCIA DE LOJA EXT MONS LEONIDAS PROAÑO','');
INSERT INTO colegio(idColegio,NombreColegio,NombreRepres) VALUES (289,'KAPAK RAYMI','');
INSERT INTO colegio(idColegio,NombreColegio,NombreRepres) VALUES (290,'VICTOR MARCOS MEDINA','');
INSERT INTO colegio(idColegio,NombreColegio,NombreRepres) VALUES (291,'MONSEÑOR LEONIDAS PROAÑO N 3','');
INSERT INTO colegio(idColegio,NombreColegio,NombreRepres) VALUES (292,'LUZ COSTA ZABALETA','');
INSERT INTO colegio(idColegio,NombreColegio,NombreRepres) VALUES (293,'MARIANA DE JESUS GUANUCHE','');
INSERT INTO colegio(idColegio,NombreColegio,NombreRepres) VALUES (294,'ROBERTO ANDRADE','');
INSERT INTO colegio(idColegio,NombreColegio,NombreRepres) VALUES (295,'INKA ÑAN','');
INSERT INTO colegio(idColegio,NombreColegio,NombreRepres) VALUES (296,'AMAWTA WASI','');
INSERT INTO colegio(idColegio,NombreColegio,NombreRepres) VALUES (297,'MONS LEONIDAS PROAÑO NO 2','');
INSERT INTO colegio(idColegio,NombreColegio,NombreRepres) VALUES (298,'RUMIÑAHUI','');
INSERT INTO colegio(idColegio,NombreColegio,NombreRepres) VALUES (299,'YACHAYTA MICHIK','');
INSERT INTO colegio(idColegio,NombreColegio,NombreRepres) VALUES (300,'INKA PIRKA','');
INSERT INTO colegio(idColegio,NombreColegio,NombreRepres) VALUES (301,'JOSEFA AMELIA ORTEGA ESPINOZA','');
INSERT INTO colegio(idColegio,NombreColegio,NombreRepres) VALUES (302,'ATAHUALPA Nº 18','');
INSERT INTO colegio(idColegio,NombreColegio,NombreRepres) VALUES (303,'UNIDAD EDUCATIVA A DISTANCIA DE LOJA  EXT MADRE LAURA MONTOYA','');
INSERT INTO colegio(idColegio,NombreColegio,NombreRepres) VALUES (304,'UNIDAD EDUCATIVA MUSHUK RIMAK','');
INSERT INTO colegio(idColegio,NombreColegio,NombreRepres) VALUES (305,'PEREZ TAGLE','');
INSERT INTO colegio(idColegio,NombreColegio,NombreRepres) VALUES (306,'ROSA MATILDE ALVEAR','');
INSERT INTO colegio(idColegio,NombreColegio,NombreRepres) VALUES (307,'LUIS PASTEUR','');
INSERT INTO colegio(idColegio,NombreColegio,NombreRepres) VALUES (308,'LOPEZ DE LEON','');
INSERT INTO colegio(idColegio,NombreColegio,NombreRepres) VALUES (309,'MAGDALENA DAVALOS','');
INSERT INTO colegio(idColegio,NombreColegio,NombreRepres) VALUES (310,'LEOPOLDO NICOLAS CHAVEZ','');
INSERT INTO colegio(idColegio,NombreColegio,NombreRepres) VALUES (311,'MERCEDES ALCIRA PALACIOS DE CARPIO','');
INSERT INTO colegio(idColegio,NombreColegio,NombreRepres) VALUES (312,'ABDON CALDERON MUÑOZ','');
INSERT INTO colegio(idColegio,NombreColegio,NombreRepres) VALUES (313,'AMAWTA KAWSAY','');
INSERT INTO colegio(idColegio,NombreColegio,NombreRepres) VALUES (314,'ABDON CALDERON','');
INSERT INTO colegio(idColegio,NombreColegio,NombreRepres) VALUES (315,'SR. MANUEL DE JESUS AUQUILLA CAMBISACA','');
INSERT INTO colegio(idColegio,NombreColegio,NombreRepres) VALUES (316,'HERNANDO DE BENAVENTE','');
INSERT INTO colegio(idColegio,NombreColegio,NombreRepres) VALUES (317,'COLEGIO NACIONAL MIXTO EL CISNE','');
INSERT INTO colegio(idColegio,NombreColegio,NombreRepres) VALUES (318,'GASPAR GOMEZ DE SALAZAR','');
INSERT INTO colegio(idColegio,NombreColegio,NombreRepres) VALUES (319,'COLEGIO NACIONAL AGUSTIN CURIPOMA','');
INSERT INTO colegio(idColegio,NombreColegio,NombreRepres) VALUES (320,'PEDRO BENAVENTE','');
INSERT INTO colegio(idColegio,NombreColegio,NombreRepres) VALUES (321,'ALVAREZ SANCHEZ COLOMBIA','');
INSERT INTO colegio(idColegio,NombreColegio,NombreRepres) VALUES (322,'HOMERO VITERI LA FRONTE','');
INSERT INTO colegio(idColegio,NombreColegio,NombreRepres) VALUES (323,'PRIMERO DE JUNIO','');
INSERT INTO colegio(idColegio,NombreColegio,NombreRepres) VALUES (324,'JULIA JARAMILLO','');
INSERT INTO colegio(idColegio,NombreColegio,NombreRepres) VALUES (325,'ALFONSO MARIA SILVA','');
INSERT INTO colegio(idColegio,NombreColegio,NombreRepres) VALUES (326,'10 DE DICIEMBRE','');
INSERT INTO colegio(idColegio,NombreColegio,NombreRepres) VALUES (327,'UNIDAD EDUCATIVA FISCOMISIONAL CORAZON DE MARIA','');
INSERT INTO colegio(idColegio,NombreColegio,NombreRepres) VALUES (328,'ESCUELA IBARRA','');
INSERT INTO colegio(idColegio,NombreColegio,NombreRepres) VALUES (329,'AZUAY N 12','');
INSERT INTO colegio(idColegio,NombreColegio,NombreRepres) VALUES (330,'GONZALO PIZARRO','');
INSERT INTO colegio(idColegio,NombreColegio,NombreRepres) VALUES (331,'VICTOR AMABLE ZHUNAULA','');
INSERT INTO colegio(idColegio,NombreColegio,NombreRepres) VALUES (332,'CARDENAL PABLO MUÑOZ VEGA','');
INSERT INTO colegio(idColegio,NombreColegio,NombreRepres) VALUES (333,'LEONARDO GALAN PEREZ','');
INSERT INTO colegio(idColegio,NombreColegio,NombreRepres) VALUES (334,'GALO PLAZA LASO','');
INSERT INTO colegio(idColegio,NombreColegio,NombreRepres) VALUES (335,'LIBERTADOR BOLIVAR','');
INSERT INTO colegio(idColegio,NombreColegio,NombreRepres) VALUES (336,'COLEGIO PARTICULAR JOSE MARIA VIVAR CASTRO','');
INSERT INTO colegio(idColegio,NombreColegio,NombreRepres) VALUES (337,'CLODOVEO CARRION','');
INSERT INTO colegio(idColegio,NombreColegio,NombreRepres) VALUES (338,'LICEO DE LOJA','');
INSERT INTO colegio(idColegio,NombreColegio,NombreRepres) VALUES (339,'ARTESANAL CECIM','');
INSERT INTO colegio(idColegio,NombreColegio,NombreRepres) VALUES (340,'COLEGIO PARTICULAR A DISTANCIA DR. JOSE MARIA VIVAR CASTRO','');

/*Se agregan los jugadores del colegio*/
INSERT INTO jugador(idJugador,Estatura,Peso,TipoSangre,Posicion,NumDorsal,idPersona,idColegio,Estado) VALUES (1,1.43,50,'Orh+','Delantero izq',2,1,1,0);
INSERT INTO jugador(idJugador,Estatura,Peso,TipoSangre,Posicion,NumDorsal,idPersona,idColegio,Estado) VALUES (2,1.44,55,'Orh-','Delantero ctr',5,2,1,0);
INSERT INTO jugador(idJugador,Estatura,Peso,TipoSangre,Posicion,NumDorsal,idPersona,idColegio,Estado) VALUES (3,1.45,60,'Orh+','Delantero der',1,3,1,0);
INSERT INTO jugador(idJugador,Estatura,Peso,TipoSangre,Posicion,NumDorsal,idPersona,idColegio,Estado) VALUES (4,1.46,49,'Orh-','libero',7,4,1,0);
INSERT INTO jugador(idJugador,Estatura,Peso,TipoSangre,Posicion,NumDorsal,idPersona,idColegio,Estado) VALUES (5,1.47,51,'Orh+','Zaguero ctr',10,5,1,0);
INSERT INTO jugador(idJugador,Estatura,Peso,TipoSangre,Posicion,NumDorsal,idPersona,idColegio,Estado) VALUES (6,1.48,49,'Orh-','Zaguero izq',3,6,1,0);
INSERT INTO jugador(idJugador,Estatura,Peso,TipoSangre,Posicion,NumDorsal,idPersona,idColegio,Estado) VALUES (7,1.49,51,'Orh+','Delantero izq',14,7,1,0);
INSERT INTO jugador(idJugador,Estatura,Peso,TipoSangre,Posicion,NumDorsal,idPersona,idColegio,Estado) VALUES (8,1.50,60,'Orh-','Delantero ctr',5,8,1,0);
INSERT INTO jugador(idJugador,Estatura,Peso,TipoSangre,Posicion,NumDorsal,idPersona,idColegio,Estado) VALUES (9,1.51,60,'Orh+','Delantero der',4,9,1,0);
INSERT INTO jugador(idJugador,Estatura,Peso,TipoSangre,Posicion,NumDorsal,idPersona,idColegio,Estado) VALUES (10,1.52,53,'Orh-','libero',11,10,1,0);
INSERT INTO jugador(idJugador,Estatura,Peso,TipoSangre,Posicion,NumDorsal,idPersona,idColegio,Estado) VALUES (11,1.53,50,'Orh+','Zaguero ctr',8,11,1,0);
INSERT INTO jugador(idJugador,Estatura,Peso,TipoSangre,Posicion,NumDorsal,idPersona,idColegio,Estado) VALUES (12,1.50,55,'Orh-','Zaguero izq',9,12,1,0);
INSERT INTO jugador(idJugador,Estatura,Peso,TipoSangre,Posicion,NumDorsal,idPersona,idColegio,Estado) VALUES (13,1.51,60,'Orh+','Delantero izq',2,13,2,0);
INSERT INTO jugador(idJugador,Estatura,Peso,TipoSangre,Posicion,NumDorsal,idPersona,idColegio,Estado) VALUES (14,1.52,49,'Orh-','Delantero ctr',5,14,2,0);
INSERT INTO jugador(idJugador,Estatura,Peso,TipoSangre,Posicion,NumDorsal,idPersona,idColegio,Estado) VALUES (15,1.53,51,'Orh+','Delantero der',1,15,2,0);
INSERT INTO jugador(idJugador,Estatura,Peso,TipoSangre,Posicion,NumDorsal,idPersona,idColegio,Estado) VALUES (16,1.50,49,'Orh-','libero',7,16,2,0);
INSERT INTO jugador(idJugador,Estatura,Peso,TipoSangre,Posicion,NumDorsal,idPersona,idColegio,Estado) VALUES (17,1.50,51,'Orh+','Zaguero ctr',10,17,2,0);
INSERT INTO jugador(idJugador,Estatura,Peso,TipoSangre,Posicion,NumDorsal,idPersona,idColegio,Estado) VALUES (18,1.60,60,'Orh-','Zaguero izq',3,18,2,0);
INSERT INTO jugador(idJugador,Estatura,Peso,TipoSangre,Posicion,NumDorsal,idPersona,idColegio,Estado) VALUES (19,1.50,60,'Orh+','Delantero izq',14,19,2,0);
INSERT INTO jugador(idJugador,Estatura,Peso,TipoSangre,Posicion,NumDorsal,idPersona,idColegio,Estado) VALUES (20,1.51,53,'Orh-','Delantero ctr',6,20,1,0);
INSERT INTO jugador(idJugador,Estatura,Peso,TipoSangre,Posicion,NumDorsal,idPersona,idColegio,Estado) VALUES (21,1.52,50,'Orh+','Delantero der',20,21,2,0);
INSERT INTO jugador(idJugador,Estatura,Peso,TipoSangre,Posicion,NumDorsal,idPersona,idColegio,Estado) VALUES (22,1.53,55,'Orh-','libero',10,22,2,0);
INSERT INTO jugador(idJugador,Estatura,Peso,TipoSangre,Posicion,NumDorsal,idPersona,idColegio,Estado) VALUES (23,1.50,60,'Orh+','Zaguero ctr',3,23,1,0);
INSERT INTO jugador(idJugador,Estatura,Peso,TipoSangre,Posicion,NumDorsal,idPersona,idColegio,Estado) VALUES (24,1.51,49,'Orh-','Zaguero izq',14,24,1,0);
INSERT INTO jugador(idJugador,Estatura,Peso,TipoSangre,Posicion,NumDorsal,idPersona,idColegio,Estado) VALUES (25,1.52,51,'Orh+','Delantero izq',5,25,1,0);
INSERT INTO jugador(idJugador,Estatura,Peso,TipoSangre,Posicion,NumDorsal,idPersona,idColegio,Estado) VALUES (26,1.53,49,'Orh-','Delantero ctr',4,26,1,0);
INSERT INTO jugador(idJugador,Estatura,Peso,TipoSangre,Posicion,NumDorsal,idPersona,idColegio,Estado) VALUES (27,1.50,51,'Orh+','Delantero der',11,27,1,0);
INSERT INTO jugador(idJugador,Estatura,Peso,TipoSangre,Posicion,NumDorsal,idPersona,idColegio,Estado) VALUES (28,1.50,60,'Orh-','libero',8,28,1,0);
INSERT INTO jugador(idJugador,Estatura,Peso,TipoSangre,Posicion,NumDorsal,idPersona,idColegio,Estado) VALUES (29,1.60,60,'Orh+','Zaguero ctr',9,29,2,0);
INSERT INTO jugador(idJugador,Estatura,Peso,TipoSangre,Posicion,NumDorsal,idPersona,idColegio,Estado) VALUES (30,1.70,53,'Orh-','Zaguero izq',2,30,1,0);
INSERT INTO jugador(idJugador,Estatura,Peso,TipoSangre,Posicion,NumDorsal,idPersona,idColegio,Estado) VALUES (31,1.71,50,'Orh+','Delantero izq',13,31,2,0);
INSERT INTO jugador(idJugador,Estatura,Peso,TipoSangre,Posicion,NumDorsal,idPersona,idColegio,Estado) VALUES (32,1.72,55,'Orh-','Delantero ctr',1,32,2,0);
INSERT INTO jugador(idJugador,Estatura,Peso,TipoSangre,Posicion,NumDorsal,idPersona,idColegio,Estado) VALUES (33,1.73,60,'Orh+','Delantero der',6,33,1,0);
INSERT INTO jugador(idJugador,Estatura,Peso,TipoSangre,Posicion,NumDorsal,idPersona,idColegio,Estado) VALUES (34,1.74,49,'Orh-','libero',11,34,2,0);
INSERT INTO jugador(idJugador,Estatura,Peso,TipoSangre,Posicion,NumDorsal,idPersona,idColegio,Estado) VALUES (35,1.75,51,'Orh+','Zaguero ctr',8,35,2,0);
INSERT INTO jugador(idJugador,Estatura,Peso,TipoSangre,Posicion,NumDorsal,idPersona,idColegio,Estado) VALUES (36,1.76,49,'Orh-','Zaguero izq',9,36,2,0);
INSERT INTO jugador(idJugador,Estatura,Peso,TipoSangre,Posicion,NumDorsal,idPersona,idColegio,Estado) VALUES (37,1.43,51,'Orh+','Delantero izq',2,37,1,0);
INSERT INTO jugador(idJugador,Estatura,Peso,TipoSangre,Posicion,NumDorsal,idPersona,idColegio,Estado) VALUES (38,1.44,60,'Orh-','Delantero ctr',5,38,1,0);
INSERT INTO jugador(idJugador,Estatura,Peso,TipoSangre,Posicion,NumDorsal,idPersona,idColegio,Estado) VALUES (39,1.45,60,'Orh+','Delantero der',1,39,1,0);
INSERT INTO jugador(idJugador,Estatura,Peso,TipoSangre,Posicion,NumDorsal,idPersona,idColegio,Estado) VALUES (40,1.46,53,'Orh-','libero',7,40,2,0);
INSERT INTO jugador(idJugador,Estatura,Peso,TipoSangre,Posicion,NumDorsal,idPersona,idColegio,Estado) VALUES (41,1.47,50,'Orh+','Zaguero ctr',10,41,2,0);
INSERT INTO jugador(idJugador,Estatura,Peso,TipoSangre,Posicion,NumDorsal,idPersona,idColegio,Estado) VALUES (42,1.48,55,'Orh-','Zaguero izq',3,42,2,0);
INSERT INTO jugador(idJugador,Estatura,Peso,TipoSangre,Posicion,NumDorsal,idPersona,idColegio,Estado) VALUES (43,1.49,60,'Orh+','Delantero izq',14,43,1,0);
INSERT INTO jugador(idJugador,Estatura,Peso,TipoSangre,Posicion,NumDorsal,idPersona,idColegio,Estado) VALUES (44,1.50,49,'Orh-','Delantero ctr',6,44,2,0);
INSERT INTO jugador(idJugador,Estatura,Peso,TipoSangre,Posicion,NumDorsal,idPersona,idColegio,Estado) VALUES (45,1.51,51,'Orh+','Delantero der',20,45,2,0);
INSERT INTO jugador(idJugador,Estatura,Peso,TipoSangre,Posicion,NumDorsal,idPersona,idColegio,Estado) VALUES (46,1.52,49,'Orh-','libero',10,46,1,0);
INSERT INTO jugador(idJugador,Estatura,Peso,TipoSangre,Posicion,NumDorsal,idPersona,idColegio,Estado) VALUES (47,1.53,51,'Orh+','Zaguero ctr',3,47,1,0);
INSERT INTO jugador(idJugador,Estatura,Peso,TipoSangre,Posicion,NumDorsal,idPersona,idColegio,Estado) VALUES (48,1.50,60,'Orh-','Zaguero izq',14,48,2,0);
INSERT INTO jugador(idJugador,Estatura,Peso,TipoSangre,Posicion,NumDorsal,idPersona,idColegio,Estado) VALUES (49,1.51,60,'Orh+','Delantero izq',5,49,1,0);
INSERT INTO jugador(idJugador,Estatura,Peso,TipoSangre,Posicion,NumDorsal,idPersona,idColegio,Estado) VALUES (50,1.52,53,'Orh-','Delantero ctr',4,50,1,0);
INSERT INTO jugador(idJugador,Estatura,Peso,TipoSangre,Posicion,NumDorsal,idPersona,idColegio,Estado) VALUES (51,1.53,50,'Orh+','Delantero der',11,51,1,0);
INSERT INTO jugador(idJugador,Estatura,Peso,TipoSangre,Posicion,NumDorsal,idPersona,idColegio,Estado) VALUES (52,1.50,55,'Orh-','libero',8,52,2,1);
INSERT INTO jugador(idJugador,Estatura,Peso,TipoSangre,Posicion,NumDorsal,idPersona,idColegio,Estado) VALUES (53,1.50,60,'Orh+','Zaguero ctr',9,53,1,0);
INSERT INTO jugador(idJugador,Estatura,Peso,TipoSangre,Posicion,NumDorsal,idPersona,idColegio,Estado) VALUES (54,1.60,49,'Orh-','Zaguero izq',2,54,2,1);
INSERT INTO jugador(idJugador,Estatura,Peso,TipoSangre,Posicion,NumDorsal,idPersona,idColegio,Estado) VALUES (55,1.50,51,'Orh+','Delantero izq',13,55,2,1);
INSERT INTO jugador(idJugador,Estatura,Peso,TipoSangre,Posicion,NumDorsal,idPersona,idColegio,Estado) VALUES (56,1.51,49,'Orh-','Delantero ctr',1,56,1,0);
INSERT INTO jugador(idJugador,Estatura,Peso,TipoSangre,Posicion,NumDorsal,idPersona,idColegio,Estado) VALUES (57,1.52,51,'Orh+','Delantero der',6,57,1,0);
INSERT INTO jugador(idJugador,Estatura,Peso,TipoSangre,Posicion,NumDorsal,idPersona,idColegio,Estado) VALUES (58,1.53,60,'Orh-','libero',11,58,1,0);
INSERT INTO jugador(idJugador,Estatura,Peso,TipoSangre,Posicion,NumDorsal,idPersona,idColegio,Estado) VALUES (59,1.50,60,'Orh+','Zaguero ctr',8,59,1,0);
INSERT INTO jugador(idJugador,Estatura,Peso,TipoSangre,Posicion,NumDorsal,idPersona,idColegio,Estado) VALUES (60,1.51,53,'Orh-','Zaguero izq',9,60,1,0);
INSERT INTO jugador(idJugador,Estatura,Peso,TipoSangre,Posicion,NumDorsal,idPersona,idColegio,Estado) VALUES (61,1.52,50,'Orh+','Delantero izq',2,61,2,0);
INSERT INTO jugador(idJugador,Estatura,Peso,TipoSangre,Posicion,NumDorsal,idPersona,idColegio,Estado) VALUES (62,1.53,55,'Orh-','Delantero ctr',5,62,2,0);
INSERT INTO jugador(idJugador,Estatura,Peso,TipoSangre,Posicion,NumDorsal,idPersona,idColegio,Estado) VALUES (63,1.50,60,'Orh+','Delantero der',1,63,2,0);
INSERT INTO jugador(idJugador,Estatura,Peso,TipoSangre,Posicion,NumDorsal,idPersona,idColegio,Estado) VALUES (64,1.50,49,'Orh-','libero',7,64,2,1);
INSERT INTO jugador(idJugador,Estatura,Peso,TipoSangre,Posicion,NumDorsal,idPersona,idColegio,Estado) VALUES (65,1.60,51,'Orh+','Zaguero ctr',10,65,2,0);
INSERT INTO jugador(idJugador,Estatura,Peso,TipoSangre,Posicion,NumDorsal,idPersona,idColegio,Estado) VALUES (66,1.70,49,'Orh-','Zaguero izq',3,66,2,0);
INSERT INTO jugador(idJugador,Estatura,Peso,TipoSangre,Posicion,NumDorsal,idPersona,idColegio,Estado) VALUES (67,1.71,51,'Orh+','Delantero izq',14,67,2,0);
INSERT INTO jugador(idJugador,Estatura,Peso,TipoSangre,Posicion,NumDorsal,idPersona,idColegio,Estado) VALUES (68,1.72,60,'Orh-','Delantero ctr',6,71,2,1);
INSERT INTO jugador(idJugador,Estatura,Peso,TipoSangre,Posicion,NumDorsal,idPersona,idColegio,Estado) VALUES (69,1.73,60,'Orh+','Delantero der',20,74,2,1);
INSERT INTO jugador(idJugador,Estatura,Peso,TipoSangre,Posicion,NumDorsal,idPersona,idColegio,Estado) VALUES (70,1.54,53,'Orh-','libero',10,89,2,0);
INSERT INTO jugador(idJugador,Estatura,Peso,TipoSangre,Posicion,NumDorsal,idPersona,idColegio,Estado) VALUES (71,1.54,50,'Orh+','Zaguero ctr',3,90,2,0);
INSERT INTO jugador(idJugador,Estatura,Peso,TipoSangre,Posicion,NumDorsal,idPersona,idColegio,Estado) VALUES (72,1.56,55,'Orh-','Zaguero izq',14,91,2,0);

/*Se les asigna el equipo al que pertenecen*/
INSERT INTO equipo(idEquipo,NombreEquipo,Categoria,idColegio) VALUES (1,'Cebollitas SM','Superior',1);
INSERT INTO equipo(idEquipo,NombreEquipo,Categoria,idColegio) VALUES (2,'FCB MM','Media',1);
INSERT INTO equipo(idEquipo,NombreEquipo,Categoria,idColegio) VALUES (3,'Manchester IM','Inferior',1);
INSERT INTO equipo(idEquipo,NombreEquipo,Categoria,idColegio) VALUES (4,'Bayern SF','Superior',1);
INSERT INTO equipo(idEquipo,NombreEquipo,Categoria,idColegio) VALUES (5,'Paris MF','Media',1);
INSERT INTO equipo(idEquipo,NombreEquipo,Categoria,idColegio) VALUES (6,'Borussia IF','Inferior',1);
INSERT INTO equipo(idEquipo,NombreEquipo,Categoria,idColegio) VALUES (7,'Volei SM DOS','Superior',2);
INSERT INTO equipo(idEquipo,NombreEquipo,Categoria,idColegio) VALUES (8,'VCM MM DOS','Media',2);
INSERT INTO equipo(idEquipo,NombreEquipo,Categoria,idColegio) VALUES (9,'Voleiman IM DOS','Inferior',2);
INSERT INTO equipo(idEquipo,NombreEquipo,Categoria,idColegio) VALUES (10,'GVO SF DOS','Superior',2);
INSERT INTO equipo(idEquipo,NombreEquipo,Categoria,idColegio) VALUES (11,'VoleiballM MF DOS','Media',2);
INSERT INTO equipo(idEquipo,NombreEquipo,Categoria,idColegio) VALUES (12,'MursiaI IF DOS','Inferior',2);

/*Se crean los partidos*/
INSERT INTO partido(idPartido, Categoria, Fecha, Hora, NumCancha, idCampeonato) VALUES (1,  'SUPERIOR','01-01-18','10:30:00',1,1);
INSERT INTO partido(idPartido, Categoria, Fecha, Hora, NumCancha, idCampeonato) VALUES (2,  'SUPERIOR','02-01-18','11:00:00',2,1);
INSERT INTO partido(idPartido, Categoria, Fecha, Hora, NumCancha, idCampeonato) VALUES (3,  'MEDIA','03-01-18','8:00:00',2,1);
INSERT INTO partido(idPartido, Categoria, Fecha, Hora, NumCancha, idCampeonato) VALUES (4,  'MEDIA','04-01-18','15:00:00',1,1);
INSERT INTO partido(idPartido, Categoria, Fecha, Hora, NumCancha, idCampeonato) VALUES (5,  'INFERIOR','05-01-18','14:00:00',1,1);
INSERT INTO partido(idPartido, Categoria, Fecha, Hora, NumCancha, idCampeonato) VALUES (6,  'INFERIOR','06-01-18','18:00:00',2,1);
INSERT INTO partido(idPartido, Categoria, Fecha, Hora, NumCancha, idCampeonato) VALUES (7,  'SUPERIOR','01-01-18','10:30:00',1,1);
INSERT INTO partido(idPartido, Categoria, Fecha, Hora, NumCancha, idCampeonato) VALUES (8,  'SUPERIOR','02-01-18','11:00:00',2,1);
INSERT INTO partido(idPartido, Categoria, Fecha, Hora, NumCancha, idCampeonato) VALUES (9,  'MEDIA','03-01-18','8:00:00',2,1);
INSERT INTO partido(idPartido, Categoria, Fecha, Hora, NumCancha, idCampeonato) VALUES (10,  'MEDIA','04-01-18','15:00:00',1,1);
INSERT INTO partido(idPartido, Categoria, Fecha, Hora, NumCancha, idCampeonato) VALUES (11,  'INFERIOR','05-01-18','14:00:00',1,1);
INSERT INTO partido(idPartido, Categoria, Fecha, Hora, NumCancha, idCampeonato) VALUES (12,  'INFERIOR','06-01-18','18:00:00',2,1);

/*Se asignan resultados generales de los partidos*/
INSERT INTO resultados(idResultados,Fecha,Puntos,Equipos,idPartido) VALUES (1,'03-01-18',25,1,1);
INSERT INTO resultados(idResultados,Fecha,Puntos,Equipos,idPartido) VALUES (2,'02-01-18',70,2,3);
INSERT INTO resultados(idResultados,Fecha,Puntos,Equipos,idPartido) VALUES (3,'01-01-18',65,3,5);
INSERT INTO resultados(idResultados,Fecha,Puntos,Equipos,idPartido) VALUES (4,'03-01-18',35,4,2);
INSERT INTO resultados(idResultados,Fecha,Puntos,Equipos,idPartido) VALUES (5,'02-01-18',52,5,4);
INSERT INTO resultados(idResultados,Fecha,Puntos,Equipos,idPartido) VALUES (6,'01-01-18',63,6,6);
INSERT INTO resultados(idResultados,Fecha,Puntos,Equipos,idPartido) VALUES (7,'06-01-18',27,7,1);
INSERT INTO resultados(idResultados,Fecha,Puntos,Equipos,idPartido) VALUES (8,'05-01-18',68,8,3);
INSERT INTO resultados(idResultados,Fecha,Puntos,Equipos,idPartido) VALUES (9,'04-01-18',63,9,5);
INSERT INTO resultados(idResultados,Fecha,Puntos,Equipos,idPartido) VALUES (10,'06-01-18',37,10,2);
INSERT INTO resultados(idResultados,Fecha,Puntos,Equipos,idPartido) VALUES (11,'05-01-18',54,11,4);
INSERT INTO resultados(idResultados,Fecha,Puntos,Equipos,idPartido) VALUES (12,'04-01-18',65,12,6);
INSERT INTO resultados(idResultados,Fecha,Puntos,Equipos,idPartido) VALUES (13,'05-01-18',33,1,7);
INSERT INTO resultados(idResultados,Fecha,Puntos,Equipos,idPartido) VALUES (14,'04-01-18',91,2,9);
INSERT INTO resultados(idResultados,Fecha,Puntos,Equipos,idPartido) VALUES (15,'06-01-18',27,3,11);
INSERT INTO resultados(idResultados,Fecha,Puntos,Equipos,idPartido) VALUES (16,'05-01-18',42,4,8);
INSERT INTO resultados(idResultados,Fecha,Puntos,Equipos,idPartido) VALUES (17,'04-01-18',56,5,10);
INSERT INTO resultados(idResultados,Fecha,Puntos,Equipos,idPartido) VALUES (18,'05-01-18',26,6,12);
INSERT INTO resultados(idResultados,Fecha,Puntos,Equipos,idPartido) VALUES (19,'05-01-18',35,7,7);
INSERT INTO resultados(idResultados,Fecha,Puntos,Equipos,idPartido) VALUES (20,'05-01-18',93,8,9);
INSERT INTO resultados(idResultados,Fecha,Puntos,Equipos,idPartido) VALUES (21,'04-01-18',25,9,11);
INSERT INTO resultados(idResultados,Fecha,Puntos,Equipos,idPartido) VALUES (22,'06-01-18',40,10,8);
INSERT INTO resultados(idResultados,Fecha,Puntos,Equipos,idPartido) VALUES (23,'05-01-18',58,11,10);
INSERT INTO resultados(idResultados,Fecha,Puntos,Equipos,idPartido) VALUES (24,'04-01-18',28,12,12);

/*Tablas intermedias*/
/*Campeonato_equipo*/
INSERT INTO Campeonato_Equipo(Campeonato_Equipo_id, idCampeonato, idEquipo) VALUES (1,1,1);
INSERT INTO Campeonato_Equipo(Campeonato_Equipo_id, idCampeonato, idEquipo) VALUES (2,1,2);
INSERT INTO Campeonato_Equipo(Campeonato_Equipo_id, idCampeonato, idEquipo) VALUES (3,1,3);
INSERT INTO Campeonato_Equipo(Campeonato_Equipo_id, idCampeonato, idEquipo) VALUES (4,1,4);
INSERT INTO Campeonato_Equipo(Campeonato_Equipo_id, idCampeonato, idEquipo) VALUES (5,1,5);
INSERT INTO Campeonato_Equipo(Campeonato_Equipo_id, idCampeonato, idEquipo) VALUES (6,1,6);
INSERT INTO Campeonato_Equipo(Campeonato_Equipo_id, idCampeonato, idEquipo) VALUES (7,1,7);
INSERT INTO Campeonato_Equipo(Campeonato_Equipo_id, idCampeonato, idEquipo) VALUES (8,1,8);
INSERT INTO Campeonato_Equipo(Campeonato_Equipo_id, idCampeonato, idEquipo) VALUES (9,1,9);
INSERT INTO Campeonato_Equipo(Campeonato_Equipo_id, idCampeonato, idEquipo) VALUES (10,1,10);
INSERT INTO Campeonato_Equipo(Campeonato_Equipo_id, idCampeonato, idEquipo) VALUES (11,1,11);
INSERT INTO Campeonato_Equipo(Campeonato_Equipo_id, idCampeonato, idEquipo) VALUES (12,1,12);

/*Equipos_partidos*/
INSERT INTO Equipos_Partidos(Equipo_Partido_id, idEquipo1, idEquipo2, idPartido) VALUES (1,1,7,1);
INSERT INTO Equipos_Partidos(Equipo_Partido_id, idEquipo1, idEquipo2, idPartido) VALUES (3,4,10,2);
INSERT INTO Equipos_Partidos(Equipo_Partido_id, idEquipo1, idEquipo2, idPartido) VALUES (5,2,8,3);
INSERT INTO Equipos_Partidos(Equipo_Partido_id, idEquipo1, idEquipo2, idPartido) VALUES (7,5,11,4);
INSERT INTO Equipos_Partidos(Equipo_Partido_id, idEquipo1, idEquipo2, idPartido) VALUES (9,3,9,5);
INSERT INTO Equipos_Partidos(Equipo_Partido_id, idEquipo1, idEquipo2, idPartido) VALUES (11,6,12,6);
INSERT INTO Equipos_Partidos(Equipo_Partido_id, idEquipo1, idEquipo2, idPartido) VALUES (13,7,1,7);
INSERT INTO Equipos_Partidos(Equipo_Partido_id, idEquipo1, idEquipo2, idPartido) VALUES (15,10,4,8);
INSERT INTO Equipos_Partidos(Equipo_Partido_id, idEquipo1, idEquipo2, idPartido) VALUES (17,8,2,9);
INSERT INTO Equipos_Partidos(Equipo_Partido_id, idEquipo1, idEquipo2, idPartido) VALUES (19,11,5,10);
INSERT INTO Equipos_Partidos(Equipo_Partido_id, idEquipo1, idEquipo2, idPartido) VALUES (21,9,3,11);
INSERT INTO Equipos_Partidos(Equipo_Partido_id, idEquipo1, idEquipo2, idPartido) VALUES (23,12,6,12);

/*Inscripcion
INSERT INTO Inscripcion (idInscripcion, idEquipo, idJugador, idCampeonato,  Fecha) VALUES (52,1,52,1,'12-12-17');
INSERT INTO Inscripcion (idInscripcion, idEquipo, idJugador, idCampeonato,  Fecha) VALUES (54,1,54,1,'12-12-17');
INSERT INTO Inscripcion (idInscripcion, idEquipo, idJugador, idCampeonato,  Fecha) VALUES (55,1,55,1,'12-12-17');
INSERT INTO Inscripcion (idInscripcion, idEquipo, idJugador, idCampeonato,  Fecha) VALUES (64,1,64,1,'12-12-17');
INSERT INTO Inscripcion (idInscripcion, idEquipo, idJugador, idCampeonato,  Fecha) VALUES (68,1,68,1,'12-12-17');
INSERT INTO Inscripcion (idInscripcion, idEquipo, idJugador, idCampeonato,  Fecha) VALUES (69,1,69,1,'12-12-17');*/

INSERT INTO Inscripcion (idInscripcion, idEquipo, idJugador, idCampeonato,  Fecha) VALUES (1,3,1,1,'11-12-17');
INSERT INTO Inscripcion (idInscripcion, idEquipo, idJugador, idCampeonato,  Fecha) VALUES (2,3,2,1,'11-12-17');
INSERT INTO Inscripcion (idInscripcion, idEquipo, idJugador, idCampeonato,  Fecha) VALUES (3,6,3,1,'11-12-17');
INSERT INTO Inscripcion (idInscripcion, idEquipo, idJugador, idCampeonato,  Fecha) VALUES (4,3,4,1,'11-12-17');
INSERT INTO Inscripcion (idInscripcion, idEquipo, idJugador, idCampeonato,  Fecha) VALUES (5,6,5,1,'11-12-17');
INSERT INTO Inscripcion (idInscripcion, idEquipo, idJugador, idCampeonato,  Fecha) VALUES (6,6,6,1,'11-12-17');
INSERT INTO Inscripcion (idInscripcion, idEquipo, idJugador, idCampeonato,  Fecha) VALUES (7,3,7,1,'11-12-17');
INSERT INTO Inscripcion (idInscripcion, idEquipo, idJugador, idCampeonato,  Fecha) VALUES (8,3,8,1,'11-12-17');
INSERT INTO Inscripcion (idInscripcion, idEquipo, idJugador, idCampeonato,  Fecha) VALUES (9,6,9,1,'11-12-17');
INSERT INTO Inscripcion (idInscripcion, idEquipo, idJugador, idCampeonato,  Fecha) VALUES (10,3,10,1,'11-12-17');
INSERT INTO Inscripcion (idInscripcion, idEquipo, idJugador, idCampeonato,  Fecha) VALUES (11,6,11,1,'11-12-17');
INSERT INTO Inscripcion (idInscripcion, idEquipo, idJugador, idCampeonato,  Fecha) VALUES (12,6,12,1,'11-12-17');
INSERT INTO Inscripcion (idInscripcion, idEquipo, idJugador, idCampeonato,  Fecha) VALUES (13,12,13,1,'11-12-17');
INSERT INTO Inscripcion (idInscripcion, idEquipo, idJugador, idCampeonato,  Fecha) VALUES (14,9,14,1,'11-12-17');
INSERT INTO Inscripcion (idInscripcion, idEquipo, idJugador, idCampeonato,  Fecha) VALUES (15,12,15,1,'11-12-17');
INSERT INTO Inscripcion (idInscripcion, idEquipo, idJugador, idCampeonato,  Fecha) VALUES (16,9,16,1,'11-12-17');
INSERT INTO Inscripcion (idInscripcion, idEquipo, idJugador, idCampeonato,  Fecha) VALUES (17,12,17,1,'11-12-17');
INSERT INTO Inscripcion (idInscripcion, idEquipo, idJugador, idCampeonato,  Fecha) VALUES (18,9,18,1,'11-12-17');
INSERT INTO Inscripcion (idInscripcion, idEquipo, idJugador, idCampeonato,  Fecha) VALUES (19,12,19,1,'11-12-17');
INSERT INTO Inscripcion (idInscripcion, idEquipo, idJugador, idCampeonato,  Fecha) VALUES (20,2,20,1,'11-12-17');
INSERT INTO Inscripcion (idInscripcion, idEquipo, idJugador, idCampeonato,  Fecha) VALUES (21,12,21,1,'11-12-17');
INSERT INTO Inscripcion (idInscripcion, idEquipo, idJugador, idCampeonato,  Fecha) VALUES (22,12,22,1,'11-12-17');
INSERT INTO Inscripcion (idInscripcion, idEquipo, idJugador, idCampeonato,  Fecha) VALUES (23,2,23,1,'11-12-17');
INSERT INTO Inscripcion (idInscripcion, idEquipo, idJugador, idCampeonato,  Fecha) VALUES (24,2,24,1,'11-12-17');
INSERT INTO Inscripcion (idInscripcion, idEquipo, idJugador, idCampeonato,  Fecha) VALUES (25,2,25,1,'11-12-17');
INSERT INTO Inscripcion (idInscripcion, idEquipo, idJugador, idCampeonato,  Fecha) VALUES (26,2,26,1,'11-12-17');
INSERT INTO Inscripcion (idInscripcion, idEquipo, idJugador, idCampeonato,  Fecha) VALUES (27,5,27,1,'11-12-17');
INSERT INTO Inscripcion (idInscripcion, idEquipo, idJugador, idCampeonato,  Fecha) VALUES (28,2,28,1,'11-12-17');
INSERT INTO Inscripcion (idInscripcion, idEquipo, idJugador, idCampeonato,  Fecha) VALUES (29,8,29,1,'11-12-17');
INSERT INTO Inscripcion (idInscripcion, idEquipo, idJugador, idCampeonato,  Fecha) VALUES (30,5,30,1,'11-12-17');
INSERT INTO Inscripcion (idInscripcion, idEquipo, idJugador, idCampeonato,  Fecha) VALUES (31,8,31,1,'11-12-17');
INSERT INTO Inscripcion (idInscripcion, idEquipo, idJugador, idCampeonato,  Fecha) VALUES (32,8,32,1,'11-12-17');
INSERT INTO Inscripcion (idInscripcion, idEquipo, idJugador, idCampeonato,  Fecha) VALUES (33,5,33,1,'11-12-17');
INSERT INTO Inscripcion (idInscripcion, idEquipo, idJugador, idCampeonato,  Fecha) VALUES (34,8,34,1,'11-12-17');
INSERT INTO Inscripcion (idInscripcion, idEquipo, idJugador, idCampeonato,  Fecha) VALUES (35,8,35,1,'11-12-17');
INSERT INTO Inscripcion (idInscripcion, idEquipo, idJugador, idCampeonato,  Fecha) VALUES (36,8,36,1,'11-12-17');
INSERT INTO Inscripcion (idInscripcion, idEquipo, idJugador, idCampeonato,  Fecha) VALUES (37,5,37,1,'12-12-17');
INSERT INTO Inscripcion (idInscripcion, idEquipo, idJugador, idCampeonato,  Fecha) VALUES (38,5,38,1,'12-12-17');
INSERT INTO Inscripcion (idInscripcion, idEquipo, idJugador, idCampeonato,  Fecha) VALUES (39,5,39,1,'12-12-17');
INSERT INTO Inscripcion (idInscripcion, idEquipo, idJugador, idCampeonato,  Fecha) VALUES (40,11,40,1,'12-12-17');
INSERT INTO Inscripcion (idInscripcion, idEquipo, idJugador, idCampeonato,  Fecha) VALUES (41,11,41,1,'12-12-17');
INSERT INTO Inscripcion (idInscripcion, idEquipo, idJugador, idCampeonato,  Fecha) VALUES (42,11,42,1,'12-12-17');
INSERT INTO Inscripcion (idInscripcion, idEquipo, idJugador, idCampeonato,  Fecha) VALUES (43,7,43,1,'12-12-17');
INSERT INTO Inscripcion (idInscripcion, idEquipo, idJugador, idCampeonato,  Fecha) VALUES (44,11,44,1,'12-12-17');
INSERT INTO Inscripcion (idInscripcion, idEquipo, idJugador, idCampeonato,  Fecha) VALUES (45,11,45,1,'12-12-17');
INSERT INTO Inscripcion (idInscripcion, idEquipo, idJugador, idCampeonato,  Fecha) VALUES (46,7,46,1,'12-12-17');
INSERT INTO Inscripcion (idInscripcion, idEquipo, idJugador, idCampeonato,  Fecha) VALUES (47,7,47,1,'12-12-17');
INSERT INTO Inscripcion (idInscripcion, idEquipo, idJugador, idCampeonato,  Fecha) VALUES (48,11,48,1,'12-12-17');
INSERT INTO Inscripcion (idInscripcion, idEquipo, idJugador, idCampeonato,  Fecha) VALUES (49,7,49,1,'12-12-17');
INSERT INTO Inscripcion (idInscripcion, idEquipo, idJugador, idCampeonato,  Fecha) VALUES (50,7,50,1,'12-12-17');
INSERT INTO Inscripcion (idInscripcion, idEquipo, idJugador, idCampeonato,  Fecha) VALUES (51,7,51,1,'12-12-17');
INSERT INTO Inscripcion (idInscripcion, idEquipo, idJugador, idCampeonato,  Fecha) VALUES (52,1,52,1,'12-12-17');
INSERT INTO Inscripcion (idInscripcion, idEquipo, idJugador, idCampeonato,  Fecha) VALUES (53,4,53,1,'12-12-17');
INSERT INTO Inscripcion (idInscripcion, idEquipo, idJugador, idCampeonato,  Fecha) VALUES (54,1,54,1,'12-12-17');
INSERT INTO Inscripcion (idInscripcion, idEquipo, idJugador, idCampeonato,  Fecha) VALUES (55,1,55,1,'12-12-17');
INSERT INTO Inscripcion (idInscripcion, idEquipo, idJugador, idCampeonato,  Fecha) VALUES (56,4,56,1,'12-12-17');
INSERT INTO Inscripcion (idInscripcion, idEquipo, idJugador, idCampeonato,  Fecha) VALUES (57,4,57,1,'12-12-17');
INSERT INTO Inscripcion (idInscripcion, idEquipo, idJugador, idCampeonato,  Fecha) VALUES (58,4,58,1,'12-12-17');
INSERT INTO Inscripcion (idInscripcion, idEquipo, idJugador, idCampeonato,  Fecha) VALUES (59,4,59,1,'12-12-17');
INSERT INTO Inscripcion (idInscripcion, idEquipo, idJugador, idCampeonato,  Fecha) VALUES (60,4,60,1,'12-12-17');
INSERT INTO Inscripcion (idInscripcion, idEquipo, idJugador, idCampeonato,  Fecha) VALUES (61,10,61,1,'12-12-17');
INSERT INTO Inscripcion (idInscripcion, idEquipo, idJugador, idCampeonato,  Fecha) VALUES (62,10,62,1,'12-12-17');
INSERT INTO Inscripcion (idInscripcion, idEquipo, idJugador, idCampeonato,  Fecha) VALUES (63,10,63,1,'12-12-17');
INSERT INTO Inscripcion (idInscripcion, idEquipo, idJugador, idCampeonato,  Fecha) VALUES (64,1,64,1,'12-12-17');
INSERT INTO Inscripcion (idInscripcion, idEquipo, idJugador, idCampeonato,  Fecha) VALUES (65,10,65,1,'12-12-17');
INSERT INTO Inscripcion (idInscripcion, idEquipo, idJugador, idCampeonato,  Fecha) VALUES (66,10,66,1,'12-12-17');
INSERT INTO Inscripcion (idInscripcion, idEquipo, idJugador, idCampeonato,  Fecha) VALUES (67,10,67,1,'12-12-17');
INSERT INTO Inscripcion (idInscripcion, idEquipo, idJugador, idCampeonato,  Fecha) VALUES (68,1,68,1,'12-12-17');
INSERT INTO Inscripcion (idInscripcion, idEquipo, idJugador, idCampeonato,  Fecha) VALUES (69,1,69,1,'12-12-17');
INSERT INTO Inscripcion (idInscripcion, idEquipo, idJugador, idCampeonato,  Fecha) VALUES (70,9,70,1,'12-12-17');
INSERT INTO Inscripcion (idInscripcion, idEquipo, idJugador, idCampeonato,  Fecha) VALUES (71,9,71,1,'12-12-17');
INSERT INTO Inscripcion (idInscripcion, idEquipo, idJugador, idCampeonato,  Fecha) VALUES (72,9,72,1,'12-12-17');

/*Arbitro_partido*/
INSERT INTO arbitro_partido(Arbitro_Partido_id, idArbitro, idPartido, Observacion) VALUES (1,1,1,'Mal comportamiento del tecnico');
INSERT INTO arbitro_partido(Arbitro_Partido_id, idArbitro, idPartido, Observacion) VALUES (2,1,1,'');
INSERT INTO arbitro_partido(Arbitro_Partido_id, idArbitro, idPartido, Observacion) VALUES (3,3,3,'');
INSERT INTO arbitro_partido(Arbitro_Partido_id, idArbitro, idPartido, Observacion) VALUES (4,3,3,'Mal comportamiento del estudiante');
INSERT INTO arbitro_partido(Arbitro_Partido_id, idArbitro, idPartido, Observacion) VALUES (5,5,5,'');
INSERT INTO arbitro_partido(Arbitro_Partido_id, idArbitro, idPartido, Observacion) VALUES (6,5,5,'Los equipos no se presentaron a tiempo');
INSERT INTO arbitro_partido(Arbitro_Partido_id, idArbitro, idPartido, Observacion) VALUES (7,4,4,'Mal comportamiento del tecnico');
INSERT INTO arbitro_partido(Arbitro_Partido_id, idArbitro, idPartido, Observacion) VALUES (8,6,6,'');
INSERT INTO arbitro_partido(Arbitro_Partido_id, idArbitro, idPartido, Observacion) VALUES (9,6,6,'Mal comportamiento del estudiante');
INSERT INTO arbitro_partido(Arbitro_Partido_id, idArbitro, idPartido, Observacion) VALUES (10,4,4,'');
INSERT INTO arbitro_partido(Arbitro_Partido_id, idArbitro, idPartido, Observacion) VALUES (11,2,2,'');
INSERT INTO arbitro_partido(Arbitro_Partido_id, idArbitro, idPartido, Observacion) VALUES (12,2,2,'Los equipos no se presentaron a tiempo');
